{"type":"FeatureCollection","features":[{"type":"Feature","properties":{"p":100},"geometry":{"type":"MultiPolygon","coordinates":[[[[-97.720776,30.277786],[-97.720549,30.2768],[-97.720355,30.27577],[-97.7201,30.274777],[-97.719908,30.273786],[-97.719681,30.272764],[-97.719477,30.271759],[-97.719245,30.270733],[-97.719043,30.269756],[-97.719053,30.269758],[-97.719072,30.269759],[-97.719092,30.269759],[-97.719111,30.269757],[-97.720438,30.269546],[-97.720466,30.269539],[-97.720848,30.26942],[-97.722381,30.269242],[-97.722393,30.26924],[-97.723618,30.26902],[-97.723645,30.269013],[-97.724974,30.268577],[-97.725788,30.268372],[-97.727386,30.268154],[-97.728266,30.268808],[-97.728283,30.268819],[-97.7283,30.268828],[-97.728318,30.268836],[-97.728994,30.269078],[-97.729012,30.269083],[-97.729031,30.269087],[-97.72905,30.269089],[-97.729069,30.269089],[-97.729088,30.269088],[-97.729107,30.269084],[-97.729125,30.269079],[-97.729143,30.269072],[-97.72916,30.269063],[-97.729176,30.269053],[-97.729192,30.269041],[-97.729205,30.269028],[-97.729404,30.268821],[-97.730085,30.268549],[-97.730558,30.269545],[-97.730567,30.269561],[-97.730578,30.269577],[-97.73059,30.269592],[-97.730603,30.269605],[-97.730617,30.269618],[-97.730633,30.269628],[-97.730649,30.269638],[-97.730667,30.269645],[-97.731609,30.27001],[-97.732244,30.270396],[-97.732261,30.270405],[-97.732279,30.270413],[-97.732298,30.270419],[-97.732316,30.270423],[-97.732336,30.270425],[-97.732355,30.270425],[-97.732374,30.270424],[-97.732393,30.27042],[-97.732412,30.270415],[-97.73243,30.270408],[-97.732447,30.270399],[-97.732464,30.270389],[-97.732479,30.270377],[-97.732493,30.270363],[-97.732506,30.270349],[-97.732517,30.270333],[-97.732526,30.270316],[-97.732534,30.270299],[-97.732541,30.27028],[-97.732545,30.270261],[-97.732548,30.270242],[-97.732548,30.270223],[-97.732547,30.270204],[-97.732544,30.270184],[-97.732539,30.270166],[-97.732532,30.270147],[-97.732524,30.27013],[-97.732514,30.270113],[-97.732502,30.270098],[-97.731588,30.268991],[-97.731311,30.268156],[-97.732453,30.267551],[-97.733386,30.267608],[-97.733405,30.267608],[-97.733425,30.267607],[-97.733443,30.267603],[-97.733462,30.267598],[-97.73348,30.267591],[-97.733497,30.267582],[-97.733514,30.267572],[-97.733529,30.26756],[-97.733543,30.267547],[-97.733555,30.267532],[-97.733567,30.267516],[-97.733576,30.2675],[-97.733584,30.267482],[-97.73359,30.267464],[-97.733595,30.267445],[-97.733597,30.267426],[-97.733598,30.267407],[-97.733597,30.267387],[-97.733594,30.267368],[-97.733589,30.26735],[-97.733583,30.267331],[-97.73318,30.266365],[-97.733869,30.266577],[-97.734199,30.266679],[-97.734372,30.266732],[-97.734037,30.267646],[-97.733998,30.267753],[-97.733693,30.268582],[-97.733318,30.269607],[-97.732996,30.270465],[-97.732538,30.271719],[-97.732498,30.271846],[-97.732131,30.272874],[-97.731843,30.273649],[-97.731631,30.274341],[-97.731578,30.274529],[-97.731522,30.274725],[-97.731446,30.274927],[-97.731404,30.275039],[-97.73118,30.275853],[-97.730968,30.276458],[-97.730786,30.276914],[-97.730048,30.278506],[-97.729809,30.278493],[-97.729715,30.27849],[-97.729511,30.278491],[-97.729426,30.27849],[-97.729078,30.278511],[-97.728963,30.278522],[-97.728487,30.278568],[-97.728117,30.278627],[-97.725138,30.279105],[-97.724699,30.279185],[-97.724097,30.279295],[-97.723179,30.279475],[-97.722199,30.279653],[-97.721237,30.279806],[-97.720995,30.278811],[-97.720776,30.277786]]],[[[-97.719526,30.26819],[-97.719639,30.267937],[-97.719585,30.268229],[-97.719138,30.269039],[-97.719526,30.26819]]],[[[-97.720146,30.266824],[-97.720519,30.266065],[-97.720705,30.265617],[-97.720956,30.265006],[-97.721353,30.264195],[-97.721728,30.263405],[-97.721753,30.263351],[-97.722112,30.262577],[-97.724135,30.263237],[-97.725114,30.263581],[-97.72523,30.263623],[-97.724519,30.263519],[-97.7245,30.263517],[-97.72448,30.263517],[-97.724461,30.263519],[-97.724441,30.263523],[-97.724423,30.263528],[-97.724404,30.263536],[-97.724387,30.263545],[-97.724371,30.263556],[-97.724356,30.263568],[-97.724342,30.263582],[-97.724329,30.263597],[-97.724319,30.263614],[-97.724309,30.263631],[-97.724302,30.263649],[-97.724296,30.263668],[-97.724292,30.263687],[-97.72429,30.263707],[-97.72429,30.263726],[-97.724357,30.265108],[-97.723569,30.265547],[-97.723306,30.265541],[-97.723287,30.265542],[-97.723269,30.265544],[-97.72325,30.265548],[-97.723233,30.265554],[-97.72319,30.265569],[-97.721477,30.264504],[-97.72146,30.264494],[-97.721442,30.264486],[-97.721424,30.26448],[-97.721405,30.264476],[-97.721386,30.264474],[-97.721366,30.264474],[-97.721347,30.264475],[-97.721328,30.264478],[-97.721309,30.264484],[-97.721291,30.264491],[-97.721273,30.264499],[-97.721257,30.26451],[-97.721241,30.264522],[-97.721227,30.264535],[-97.721215,30.26455],[-97.721203,30.264565],[-97.721194,30.264582],[-97.721186,30.2646],[-97.721179,30.264618],[-97.721175,30.264637],[-97.721172,30.264657],[-97.721172,30.264676],[-97.721173,30.264695],[-97.721176,30.264715],[-97.721181,30.264733],[-97.721187,30.264752],[-97.721196,30.264769],[-97.721206,30.264786],[-97.721218,30.264801],[-97.721231,30.264816],[-97.721245,30.264829],[-97.722825,30.266115],[-97.722628,30.266502],[-97.721786,30.267691],[-97.721536,30.267589],[-97.721294,30.267462],[-97.720836,30.267153],[-97.720819,30.267143],[-97.720802,30.267135],[-97.720783,30.267128],[-97.72038,30.267004],[-97.720362,30.266999],[-97.720342,30.266996],[-97.720323,30.266995],[-97.720303,30.266996],[-97.720284,30.266998],[-97.720265,30.267003],[-97.720247,30.267009],[-97.720229,30.267018],[-97.720212,30.267027],[-97.720196,30.267039],[-97.720182,30.267052],[-97.720168,30.267066],[-97.719873,30.267418],[-97.720146,30.266824]]],[[[-97.726138,30.263954],[-97.727111,30.264334],[-97.727993,30.264657],[-97.728882,30.264945],[-97.729083,30.265018],[-97.729902,30.26527],[-97.729059,30.265146],[-97.729041,30.265144],[-97.729022,30.265144],[-97.729003,30.265145],[-97.728985,30.265149],[-97.728484,30.265265],[-97.728467,30.265269],[-97.727566,30.265565],[-97.727549,30.265572],[-97.727532,30.26558],[-97.727516,30.26559],[-97.7275,30.265602],[-97.727486,30.265615],[-97.727474,30.265629],[-97.727463,30.265644],[-97.727453,30.26566],[-97.727296,30.265951],[-97.727289,30.265965],[-97.727283,30.26598],[-97.727212,30.266182],[-97.726591,30.267543],[-97.725362,30.267735],[-97.724878,30.266601],[-97.724944,30.266351],[-97.725129,30.26605],[-97.725134,30.266042],[-97.725241,30.265846],[-97.725248,30.265832],[-97.725254,30.265817],[-97.725372,30.265486],[-97.726005,30.264271],[-97.726013,30.264253],[-97.726019,30.264235],[-97.726024,30.264217],[-97.726026,30.264198],[-97.726027,30.264179],[-97.726026,30.26416],[-97.726024,30.264141],[-97.726019,30.264123],[-97.726013,30.264105],[-97.726005,30.264087],[-97.725996,30.264071],[-97.725985,30.264055],[-97.725973,30.264041],[-97.725761,30.263817],[-97.726138,30.263954]]]]}},{"type":"Feature","properties":{"p":101},"geometry":{"type":"Polygon","coordinates":[[[-97.711972,30.263885],[-97.712759,30.263043],[-97.713231,30.263193],[-97.713368,30.263237],[-97.713667,30.263243],[-97.714814,30.262727],[-97.715354,30.262433],[-97.715933,30.262228],[-97.716698,30.261839],[-97.71746,30.261475],[-97.718036,30.261572],[-97.722112,30.262577],[-97.721753,30.263351],[-97.721728,30.263405],[-97.721353,30.264195],[-97.720956,30.265006],[-97.720705,30.265617],[-97.720519,30.266065],[-97.720146,30.266824],[-97.7198,30.267576],[-97.719526,30.26819],[-97.718884,30.269596],[-97.719031,30.2697],[-97.719245,30.270733],[-97.719477,30.271759],[-97.719681,30.272764],[-97.719908,30.273786],[-97.718878,30.273919],[-97.717945,30.274087],[-97.716971,30.274218],[-97.715978,30.27436],[-97.715132,30.274509],[-97.714985,30.274535],[-97.71396,30.274699],[-97.713059,30.274854],[-97.712098,30.275005],[-97.71151,30.275075],[-97.711,30.275175],[-97.710096,30.275335],[-97.710055,30.275341],[-97.70824,30.27563],[-97.707722,30.275704],[-97.70431,30.276245],[-97.703992,30.27631],[-97.703645,30.276355],[-97.702888,30.276472],[-97.702779,30.276489],[-97.702337,30.276567],[-97.700948,30.276771],[-97.700329,30.276862],[-97.699062,30.275388],[-97.698848,30.27514],[-97.698514,30.27475],[-97.698437,30.274661],[-97.697907,30.273556],[-97.698762,30.273427],[-97.699869,30.273243],[-97.701312,30.273005],[-97.703187,30.272692],[-97.704829,30.272419],[-97.705509,30.271322],[-97.706381,30.269898],[-97.706893,30.26902],[-97.707551,30.267879],[-97.70793,30.267246],[-97.708523,30.266224],[-97.70904,30.265387],[-97.71027,30.264774],[-97.710977,30.264464],[-97.711544,30.264201],[-97.711972,30.263885]]]}},{"type":"Feature","properties":{"p":102},"geometry":{"type":"Polygon","coordinates":[[[-97.718878,30.273919],[-97.719908,30.273786],[-97.7201,30.274777],[-97.720355,30.27577],[-97.720549,30.2768],[-97.720776,30.277786],[-97.720995,30.278811],[-97.721237,30.279806],[-97.720447,30.279951],[-97.720207,30.27998],[-97.719998,30.280004],[-97.719249,30.280134],[-97.718608,30.280201],[-97.71827,30.280288],[-97.717271,30.280438],[-97.716232,30.280601],[-97.715268,30.280754],[-97.714288,30.280957],[-97.713371,30.281098],[-97.712439,30.281238],[-97.711537,30.281404],[-97.709458,30.281705],[-97.708531,30.281821],[-97.708497,30.281826],[-97.708166,30.28188],[-97.708058,30.281897],[-97.707717,30.281961],[-97.707001,30.282065],[-97.705553,30.282296],[-97.703945,30.282572],[-97.703036,30.281153],[-97.702117,30.279734],[-97.701715,30.279019],[-97.701241,30.278297],[-97.700825,30.277592],[-97.700329,30.276862],[-97.700948,30.276771],[-97.702337,30.276567],[-97.702779,30.276489],[-97.702888,30.276472],[-97.703645,30.276355],[-97.703992,30.27631],[-97.70431,30.276245],[-97.707722,30.275704],[-97.70824,30.27563],[-97.710055,30.275341],[-97.710096,30.275335],[-97.711,30.275175],[-97.71151,30.275075],[-97.712098,30.275005],[-97.713059,30.274854],[-97.71396,30.274699],[-97.714985,30.274535],[-97.715132,30.274509],[-97.715978,30.27436],[-97.716971,30.274218],[-97.717945,30.274087],[-97.718878,30.273919]]]}},{"type":"Feature","properties":{"p":103},"geometry":{"type":"Polygon","coordinates":[[[-97.714438,30.286194],[-97.714186,30.285092],[-97.713056,30.285253],[-97.712484,30.285329],[-97.712092,30.285398],[-97.711144,30.285541],[-97.710202,30.285667],[-97.708931,30.285873],[-97.708559,30.285939],[-97.708016,30.286035],[-97.707786,30.286069],[-97.70648,30.28624],[-97.706445,30.286184],[-97.705794,30.285364],[-97.705723,30.285243],[-97.705481,30.284946],[-97.705285,30.284582],[-97.704859,30.283919],[-97.704415,30.283244],[-97.703945,30.282572],[-97.705553,30.282296],[-97.707001,30.282065],[-97.707717,30.281961],[-97.708058,30.281897],[-97.708166,30.28188],[-97.708497,30.281826],[-97.708531,30.281821],[-97.709458,30.281705],[-97.711537,30.281404],[-97.712439,30.281238],[-97.713371,30.281098],[-97.714288,30.280957],[-97.715268,30.280754],[-97.716232,30.280601],[-97.717271,30.280438],[-97.71827,30.280288],[-97.718608,30.280201],[-97.719249,30.280134],[-97.719998,30.280004],[-97.720207,30.27998],[-97.720447,30.279951],[-97.721237,30.279806],[-97.722199,30.279653],[-97.723179,30.279475],[-97.724097,30.279295],[-97.724699,30.279185],[-97.725138,30.279105],[-97.728117,30.278627],[-97.728487,30.278568],[-97.728963,30.278522],[-97.729078,30.278511],[-97.729426,30.27849],[-97.729511,30.278491],[-97.729715,30.27849],[-97.729809,30.278493],[-97.730048,30.278506],[-97.729339,30.27993],[-97.72899,30.280654],[-97.727938,30.282316],[-97.727807,30.282502],[-97.727401,30.283078],[-97.726883,30.28384],[-97.725798,30.285441],[-97.725583,30.285778],[-97.725149,30.286457],[-97.72508,30.286556],[-97.724984,30.286508],[-97.724956,30.286494],[-97.724928,30.286482],[-97.724833,30.286439],[-97.724716,30.286379],[-97.724638,30.2865],[-97.724584,30.286583],[-97.724463,30.286753],[-97.724089,30.287392],[-97.723912,30.287673],[-97.723239,30.287365],[-97.723259,30.287334],[-97.722891,30.287192],[-97.723084,30.286877],[-97.723356,30.28642],[-97.723368,30.286255],[-97.723281,30.286141],[-97.722461,30.28575],[-97.721777,30.285398],[-97.721279,30.2861],[-97.720866,30.285932],[-97.720487,30.286535],[-97.720305,30.287252],[-97.719741,30.288148],[-97.718721,30.28767],[-97.718034,30.287324],[-97.716831,30.286757],[-97.715984,30.286369],[-97.714438,30.286194]]]}},{"type":"Feature","properties":{"p":105},"geometry":{"type":"Polygon","coordinates":[[[-97.679923,30.290066],[-97.680433,30.289263],[-97.682628,30.285862],[-97.683286,30.284861],[-97.683717,30.284176],[-97.684266,30.283327],[-97.684786,30.282521],[-97.685331,30.281765],[-97.685801,30.280878],[-97.687021,30.278983],[-97.688769,30.27617],[-97.689073,30.275945],[-97.689464,30.275487],[-97.689668,30.274929],[-97.690159,30.274026],[-97.690424,30.273561],[-97.691235,30.273607],[-97.69163,30.27363],[-97.691852,30.273641],[-97.692564,30.273677],[-97.693135,30.273714],[-97.694776,30.273821],[-97.696423,30.27388],[-97.697907,30.273556],[-97.698437,30.274661],[-97.698514,30.27475],[-97.698848,30.27514],[-97.699062,30.275388],[-97.700329,30.276862],[-97.700825,30.277592],[-97.701241,30.278297],[-97.701715,30.279019],[-97.702117,30.279734],[-97.703036,30.281153],[-97.703945,30.282572],[-97.704415,30.283244],[-97.704859,30.283919],[-97.705285,30.284582],[-97.705481,30.284946],[-97.705723,30.285243],[-97.705794,30.285364],[-97.706445,30.286184],[-97.70648,30.28624],[-97.706519,30.286314],[-97.706653,30.286641],[-97.706897,30.287122],[-97.706982,30.287389],[-97.707036,30.287582],[-97.707105,30.287877],[-97.707237,30.288431],[-97.707376,30.289193],[-97.707264,30.289189],[-97.707253,30.289189],[-97.707148,30.289196],[-97.707109,30.289199],[-97.706543,30.289239],[-97.706071,30.289282],[-97.70537,30.289292],[-97.705022,30.289219],[-97.70466,30.289094],[-97.704474,30.288993],[-97.702046,30.287879],[-97.701302,30.287537],[-97.701101,30.287623],[-97.700294,30.28819],[-97.698568,30.289089],[-97.698518,30.289116],[-97.697724,30.289466],[-97.696696,30.28992],[-97.696675,30.289927],[-97.695212,30.290203],[-97.694923,30.29016],[-97.693744,30.289983],[-97.692723,30.289696],[-97.692021,30.289499],[-97.691137,30.289586],[-97.690351,30.289913],[-97.689845,30.290365],[-97.689487,30.290885],[-97.68943,30.29108],[-97.689289,30.291566],[-97.689275,30.292534],[-97.689243,30.293455],[-97.689208,30.294487],[-97.689203,30.29462],[-97.688863,30.295331],[-97.688333,30.295824],[-97.688001,30.296133],[-97.687632,30.296876],[-97.687059,30.298182],[-97.686249,30.297741],[-97.685551,30.297394],[-97.685117,30.297214],[-97.684903,30.297125],[-97.68461,30.296943],[-97.682537,30.295896],[-97.681173,30.29518],[-97.680022,30.294648],[-97.679324,30.294325],[-97.67776,30.293602],[-97.678459,30.292426],[-97.678946,30.291607],[-97.679363,30.290906],[-97.679382,30.290875],[-97.679923,30.290066]]]}},{"type":"Feature","properties":{"p":108},"geometry":{"type":"Polygon","coordinates":[[[-97.732502,30.270098],[-97.732514,30.270113],[-97.732524,30.27013],[-97.732532,30.270147],[-97.732539,30.270166],[-97.732544,30.270184],[-97.732547,30.270204],[-97.732548,30.270223],[-97.732548,30.270242],[-97.732545,30.270261],[-97.732541,30.27028],[-97.732534,30.270299],[-97.732526,30.270316],[-97.732517,30.270333],[-97.732506,30.270349],[-97.732493,30.270363],[-97.732479,30.270377],[-97.732464,30.270389],[-97.732447,30.270399],[-97.73243,30.270408],[-97.732412,30.270415],[-97.732393,30.27042],[-97.732374,30.270424],[-97.732355,30.270425],[-97.732336,30.270425],[-97.732316,30.270423],[-97.732298,30.270419],[-97.732279,30.270413],[-97.732261,30.270405],[-97.732244,30.270396],[-97.731609,30.27001],[-97.730667,30.269645],[-97.730649,30.269638],[-97.730633,30.269628],[-97.730617,30.269618],[-97.730603,30.269605],[-97.73059,30.269592],[-97.730578,30.269577],[-97.730567,30.269561],[-97.730558,30.269545],[-97.730085,30.268549],[-97.729404,30.268821],[-97.729205,30.269028],[-97.729192,30.269041],[-97.729176,30.269053],[-97.72916,30.269063],[-97.729143,30.269072],[-97.729125,30.269079],[-97.729107,30.269084],[-97.729088,30.269088],[-97.729069,30.269089],[-97.72905,30.269089],[-97.729031,30.269087],[-97.729012,30.269083],[-97.728994,30.269078],[-97.728318,30.268836],[-97.7283,30.268828],[-97.728283,30.268819],[-97.728266,30.268808],[-97.727386,30.268154],[-97.725788,30.268372],[-97.724974,30.268577],[-97.723645,30.269013],[-97.723618,30.26902],[-97.722393,30.26924],[-97.722381,30.269242],[-97.720848,30.26942],[-97.720466,30.269539],[-97.720438,30.269546],[-97.719111,30.269757],[-97.719092,30.269759],[-97.719072,30.269759],[-97.719053,30.269758],[-97.719043,30.269756],[-97.719031,30.2697],[-97.718884,30.269596],[-97.719138,30.269039],[-97.719585,30.268229],[-97.719639,30.267937],[-97.7198,30.267576],[-97.719873,30.267418],[-97.720168,30.267066],[-97.720182,30.267052],[-97.720196,30.267039],[-97.720212,30.267027],[-97.720229,30.267018],[-97.720247,30.267009],[-97.720265,30.267003],[-97.720284,30.266998],[-97.720303,30.266996],[-97.720323,30.266995],[-97.720342,30.266996],[-97.720362,30.266999],[-97.72038,30.267004],[-97.720783,30.267128],[-97.720802,30.267135],[-97.720819,30.267143],[-97.720836,30.267153],[-97.721294,30.267462],[-97.721536,30.267589],[-97.721786,30.267691],[-97.722628,30.266502],[-97.722825,30.266115],[-97.721245,30.264829],[-97.721231,30.264816],[-97.721218,30.264801],[-97.721206,30.264786],[-97.721196,30.264769],[-97.721187,30.264752],[-97.721181,30.264733],[-97.721176,30.264715],[-97.721173,30.264695],[-97.721172,30.264676],[-97.721172,30.264657],[-97.721175,30.264637],[-97.721179,30.264618],[-97.721186,30.2646],[-97.721194,30.264582],[-97.721203,30.264565],[-97.721215,30.26455],[-97.721227,30.264535],[-97.721241,30.264522],[-97.721257,30.26451],[-97.721273,30.264499],[-97.721291,30.264491],[-97.721309,30.264484],[-97.721328,30.264478],[-97.721347,30.264475],[-97.721366,30.264474],[-97.721386,30.264474],[-97.721405,30.264476],[-97.721424,30.26448],[-97.721442,30.264486],[-97.72146,30.264494],[-97.721477,30.264504],[-97.72319,30.265569],[-97.723233,30.265554],[-97.72325,30.265548],[-97.723269,30.265544],[-97.723287,30.265542],[-97.723306,30.265541],[-97.723569,30.265547],[-97.724357,30.265108],[-97.72429,30.263726],[-97.72429,30.263707],[-97.724292,30.263687],[-97.724296,30.263668],[-97.724302,30.263649],[-97.724309,30.263631],[-97.724319,30.263614],[-97.724329,30.263597],[-97.724342,30.263582],[-97.724356,30.263568],[-97.724371,30.263556],[-97.724387,30.263545],[-97.724404,30.263536],[-97.724423,30.263528],[-97.724441,30.263523],[-97.724461,30.263519],[-97.72448,30.263517],[-97.7245,30.263517],[-97.724519,30.263519],[-97.72523,30.263623],[-97.725761,30.263817],[-97.725973,30.264041],[-97.725985,30.264055],[-97.725996,30.264071],[-97.726005,30.264087],[-97.726013,30.264105],[-97.726019,30.264123],[-97.726024,30.264141],[-97.726026,30.26416],[-97.726027,30.264179],[-97.726026,30.264198],[-97.726024,30.264217],[-97.726019,30.264235],[-97.726013,30.264253],[-97.726005,30.264271],[-97.725372,30.265486],[-97.725254,30.265817],[-97.725248,30.265832],[-97.725241,30.265846],[-97.725134,30.266042],[-97.725129,30.26605],[-97.724944,30.266351],[-97.724878,30.266601],[-97.725362,30.267735],[-97.726591,30.267543],[-97.727212,30.266182],[-97.727283,30.26598],[-97.727289,30.265965],[-97.727296,30.265951],[-97.727453,30.26566],[-97.727463,30.265644],[-97.727474,30.265629],[-97.727486,30.265615],[-97.7275,30.265602],[-97.727516,30.26559],[-97.727532,30.26558],[-97.727549,30.265572],[-97.727566,30.265565],[-97.728467,30.265269],[-97.728484,30.265265],[-97.728985,30.265149],[-97.729003,30.265145],[-97.729022,30.265144],[-97.729041,30.265144],[-97.729059,30.265146],[-97.729902,30.26527],[-97.730069,30.265321],[-97.730335,30.265426],[-97.731122,30.265662],[-97.731718,30.265913],[-97.732149,30.266051],[-97.733174,30.266363],[-97.73318,30.266365],[-97.733583,30.267331],[-97.733589,30.26735],[-97.733594,30.267368],[-97.733597,30.267387],[-97.733598,30.267407],[-97.733597,30.267426],[-97.733595,30.267445],[-97.73359,30.267464],[-97.733584,30.267482],[-97.733576,30.2675],[-97.733567,30.267516],[-97.733555,30.267532],[-97.733543,30.267547],[-97.733529,30.26756],[-97.733514,30.267572],[-97.733497,30.267582],[-97.73348,30.267591],[-97.733462,30.267598],[-97.733443,30.267603],[-97.733425,30.267607],[-97.733405,30.267608],[-97.733386,30.267608],[-97.732453,30.267551],[-97.731311,30.268156],[-97.731588,30.268991],[-97.732502,30.270098]]]}},{"type":"Feature","properties":{"p":110},"geometry":{"type":"Polygon","coordinates":[[[-97.668063,30.275968],[-97.667943,30.275952],[-97.667843,30.275967],[-97.667799,30.275974],[-97.667863,30.27573],[-97.668386,30.273672],[-97.668453,30.273451],[-97.668554,30.273473],[-97.668572,30.273477],[-97.668703,30.273512],[-97.668784,30.273202],[-97.668926,30.272687],[-97.669055,30.272221],[-97.669837,30.269385],[-97.669924,30.269042],[-97.670019,30.268739],[-97.670272,30.267882],[-97.670572,30.267206],[-97.670614,30.267111],[-97.670777,30.266794],[-97.671064,30.266235],[-97.672478,30.264005],[-97.678409,30.265343],[-97.678246,30.265723],[-97.678158,30.265908],[-97.678078,30.266048],[-97.67805,30.266106],[-97.678021,30.266238],[-97.677978,30.266324],[-97.677896,30.266441],[-97.677852,30.266495],[-97.677792,30.266552],[-97.677756,30.26657],[-97.677673,30.26657],[-97.677622,30.266593],[-97.677503,30.266661],[-97.677487,30.266679],[-97.67748,30.266704],[-97.67749,30.266814],[-97.6775,30.266864],[-97.67751,30.266884],[-97.677706,30.267179],[-97.677792,30.267321],[-97.678002,30.26775],[-97.678032,30.267788],[-97.6781,30.267823],[-97.678326,30.267895],[-97.678495,30.267941],[-97.678722,30.267988],[-97.678745,30.267981],[-97.678774,30.267962],[-97.678817,30.267914],[-97.678884,30.267793],[-97.678887,30.267771],[-97.678764,30.267608],[-97.678726,30.267543],[-97.67871,30.267492],[-97.678686,30.267362],[-97.678684,30.267314],[-97.678693,30.267262],[-97.678725,30.267195],[-97.678759,30.267164],[-97.67879,30.267151],[-97.678845,30.267142],[-97.678979,30.267139],[-97.679061,30.267145],[-97.679108,30.267155],[-97.679431,30.267134],[-97.680445,30.267637],[-97.679665,30.268899],[-97.679905,30.269064],[-97.680506,30.269316],[-97.681216,30.269768],[-97.681972,30.270386],[-97.683939,30.271224],[-97.684731,30.271584],[-97.685573,30.271954],[-97.686375,30.272292],[-97.687724,30.272919],[-97.688689,30.27333],[-97.690159,30.274026],[-97.689668,30.274929],[-97.689464,30.275487],[-97.689073,30.275945],[-97.688769,30.27617],[-97.687021,30.278983],[-97.685801,30.280878],[-97.685331,30.281765],[-97.684786,30.282521],[-97.684266,30.283327],[-97.683717,30.284176],[-97.683286,30.284861],[-97.682628,30.285862],[-97.678834,30.286215],[-97.677848,30.286319],[-97.677827,30.286321],[-97.677311,30.286393],[-97.676403,30.286467],[-97.675129,30.286567],[-97.673957,30.286683],[-97.672506,30.286809],[-97.671515,30.286718],[-97.67047,30.286465],[-97.669407,30.286311],[-97.666799,30.285872],[-97.665952,30.285733],[-97.665508,30.285658],[-97.666057,30.283621],[-97.666354,30.282516],[-97.666526,30.281877],[-97.666552,30.281798],[-97.666572,30.281708],[-97.6669,30.28034],[-97.667153,30.279394],[-97.667918,30.276528],[-97.66801,30.276187],[-97.668063,30.275968]]]}},{"type":"Feature","properties":{"p":111},"geometry":{"type":"Polygon","coordinates":[[[-97.663449,30.292505],[-97.663489,30.29232],[-97.663499,30.29229],[-97.66365,30.292325],[-97.663771,30.292353],[-97.663808,30.292261],[-97.66388,30.291861],[-97.664313,30.290102],[-97.664468,30.289526],[-97.665508,30.285658],[-97.665952,30.285733],[-97.666799,30.285872],[-97.669407,30.286311],[-97.67047,30.286465],[-97.671515,30.286718],[-97.672506,30.286809],[-97.673957,30.286683],[-97.675129,30.286567],[-97.676403,30.286467],[-97.677311,30.286393],[-97.677827,30.286321],[-97.677848,30.286319],[-97.678834,30.286215],[-97.682628,30.285862],[-97.680433,30.289263],[-97.679923,30.290066],[-97.679382,30.290875],[-97.679363,30.290906],[-97.678946,30.291607],[-97.678459,30.292426],[-97.67776,30.293602],[-97.676766,30.295183],[-97.675864,30.296617],[-97.67549,30.297211],[-97.674314,30.299062],[-97.673206,30.300629],[-97.672611,30.301598],[-97.670338,30.3053],[-97.670155,30.305824],[-97.669972,30.306401],[-97.670766,30.308532],[-97.669324,30.308912],[-97.669063,30.308986],[-97.66804,30.309522],[-97.667996,30.309545],[-97.667152,30.310063],[-97.666631,30.310586],[-97.666377,30.310917],[-97.665988,30.311577],[-97.665497,30.31235],[-97.66501,30.313077],[-97.664795,30.313282],[-97.664391,30.313942],[-97.663943,30.314603],[-97.663572,30.315283],[-97.66325,30.315738],[-97.663218,30.315786],[-97.663067,30.316013],[-97.663016,30.316097],[-97.662942,30.3159],[-97.662893,30.31577],[-97.662722,30.315166],[-97.662675,30.314998],[-97.662343,30.313512],[-97.662197,30.312858],[-97.661999,30.311974],[-97.661824,30.311233],[-97.661644,30.310469],[-97.661453,30.30966],[-97.661324,30.309114],[-97.661055,30.307837],[-97.660988,30.307517],[-97.660832,30.30651],[-97.660709,30.305135],[-97.660724,30.304052],[-97.660775,30.303456],[-97.660838,30.302722],[-97.660845,30.302622],[-97.660866,30.302508],[-97.661009,30.301646],[-97.661725,30.298978],[-97.662387,30.296512],[-97.662394,30.296486],[-97.663449,30.292505]]]}},{"type":"Feature","properties":{"p":112},"geometry":{"type":"Polygon","coordinates":[[[-97.670766,30.308532],[-97.669972,30.306401],[-97.670155,30.305824],[-97.670338,30.3053],[-97.672611,30.301598],[-97.673206,30.300629],[-97.674314,30.299062],[-97.67549,30.297211],[-97.675864,30.296617],[-97.676766,30.295183],[-97.67776,30.293602],[-97.679324,30.294325],[-97.680022,30.294648],[-97.681173,30.29518],[-97.682537,30.295896],[-97.68461,30.296943],[-97.684903,30.297125],[-97.685117,30.297214],[-97.685551,30.297394],[-97.686249,30.297741],[-97.687059,30.298182],[-97.685908,30.300152],[-97.685582,30.30052],[-97.685135,30.301024],[-97.684326,30.301786],[-97.683031,30.302972],[-97.68182,30.304119],[-97.681313,30.304584],[-97.68007,30.306478],[-97.679542,30.307322],[-97.67855,30.307787],[-97.678365,30.307831],[-97.678245,30.30785],[-97.677091,30.307959],[-97.676184,30.308054],[-97.676128,30.308074],[-97.673969,30.307991],[-97.673467,30.307967],[-97.673034,30.307985],[-97.672023,30.308214],[-97.670766,30.308532]]]}},{"type":"Feature","properties":{"p":117},"geometry":{"type":"Polygon","coordinates":[[[-97.669324,30.308912],[-97.670766,30.308532],[-97.671024,30.309093],[-97.671533,30.309566],[-97.672628,30.310023],[-97.673588,30.310469],[-97.673846,30.31059],[-97.674142,30.310727],[-97.675189,30.311215],[-97.676008,30.31163],[-97.676524,30.311914],[-97.67657,30.311942],[-97.676985,30.312374],[-97.67728,30.312711],[-97.677562,30.312974],[-97.677674,30.313071],[-97.677869,30.313216],[-97.678188,30.313369],[-97.679483,30.31401],[-97.680925,30.314755],[-97.681079,30.314889],[-97.681208,30.315021],[-97.681309,30.315144],[-97.681368,30.315231],[-97.681433,30.315345],[-97.681487,30.315468],[-97.681527,30.315599],[-97.681564,30.315733],[-97.681589,30.315881],[-97.681586,30.316067],[-97.681576,30.316225],[-97.681547,30.316354],[-97.681505,30.31647],[-97.681448,30.316594],[-97.681378,30.31673],[-97.681302,30.316858],[-97.681128,30.317109],[-97.680129,30.318675],[-97.68002,30.318829],[-97.679938,30.318967],[-97.679621,30.319455],[-97.679432,30.319755],[-97.679317,30.319943],[-97.679222,30.320108],[-97.679152,30.320242],[-97.679121,30.320348],[-97.6791,30.320457],[-97.679042,30.320751],[-97.679036,30.320978],[-97.679088,30.321264],[-97.67918,30.321594],[-97.679294,30.321794],[-97.679406,30.321959],[-97.679487,30.322059],[-97.679618,30.32219],[-97.679744,30.322299],[-97.67988,30.322408],[-97.680056,30.322509],[-97.680232,30.322603],[-97.680355,30.322673],[-97.680425,30.322726],[-97.680502,30.322786],[-97.678743,30.323378],[-97.677762,30.323708],[-97.676426,30.324063],[-97.67606,30.324141],[-97.675092,30.324349],[-97.674063,30.324556],[-97.673154,30.324858],[-97.6728,30.324975],[-97.672635,30.32503],[-97.672429,30.325104],[-97.672217,30.32497],[-97.671973,30.324758],[-97.671586,30.324462],[-97.671151,30.324128],[-97.670464,30.323543],[-97.67035,30.323448],[-97.670236,30.323352],[-97.669199,30.322613],[-97.666616,30.32073],[-97.666522,30.32064],[-97.665657,30.319818],[-97.664723,30.318913],[-97.664242,30.318339],[-97.663764,30.317628],[-97.663578,30.317302],[-97.663441,30.317044],[-97.663146,30.316427],[-97.663133,30.31638],[-97.663016,30.316097],[-97.663067,30.316013],[-97.663218,30.315786],[-97.66325,30.315738],[-97.663572,30.315283],[-97.663943,30.314603],[-97.664391,30.313942],[-97.664795,30.313282],[-97.66501,30.313077],[-97.665497,30.31235],[-97.665988,30.311577],[-97.666377,30.310917],[-97.666631,30.310586],[-97.667152,30.310063],[-97.667996,30.309545],[-97.66804,30.309522],[-97.669063,30.308986],[-97.669324,30.308912]]]}},{"type":"Feature","properties":{"p":120},"geometry":{"type":"Polygon","coordinates":[[[-97.653014,30.302483],[-97.652473,30.30224],[-97.65239,30.302203],[-97.649445,30.300815],[-97.64822,30.300237],[-97.646357,30.299369],[-97.646305,30.299344],[-97.645707,30.299072],[-97.645582,30.299016],[-97.644597,30.298566],[-97.6442,30.298419],[-97.643689,30.29823],[-97.64174,30.297766],[-97.6411,30.297589],[-97.640878,30.297528],[-97.640901,30.297473],[-97.641129,30.296994],[-97.641347,30.296605],[-97.641509,30.296397],[-97.641616,30.296259],[-97.641828,30.296052],[-97.642192,30.295737],[-97.64289,30.295117],[-97.643217,30.294796],[-97.643385,30.294621],[-97.64353,30.294437],[-97.644172,30.293449],[-97.644342,30.293178],[-97.644671,30.292792],[-97.644861,30.292617],[-97.645212,30.292335],[-97.645942,30.291814],[-97.646655,30.291293],[-97.646799,30.291202],[-97.647052,30.290985],[-97.647326,30.290655],[-97.647446,30.290482],[-97.647539,30.290291],[-97.647613,30.290163],[-97.647767,30.289751],[-97.647826,30.28953],[-97.647859,30.289277],[-97.647857,30.289049],[-97.647851,30.288641],[-97.647845,30.288196],[-97.647666,30.287326],[-97.647593,30.287126],[-97.647208,30.286458],[-97.646732,30.285675],[-97.646487,30.285269],[-97.646398,30.285058],[-97.646324,30.284647],[-97.646314,30.284371],[-97.646309,30.284267],[-97.646366,30.284062],[-97.646441,30.283832],[-97.646541,30.283625],[-97.646657,30.283449],[-97.646782,30.283289],[-97.647153,30.282873],[-97.647493,30.28238],[-97.647675,30.281982],[-97.647732,30.281755],[-97.647957,30.280973],[-97.647999,30.280828],[-97.645568,30.279944],[-97.643796,30.279258],[-97.643116,30.279004],[-97.643007,30.278963],[-97.641921,30.278549],[-97.641219,30.278282],[-97.63931,30.277868],[-97.637795,30.277165],[-97.637274,30.276794],[-97.638346,30.274466],[-97.637961,30.274303],[-97.637035,30.273891],[-97.635674,30.273204],[-97.634609,30.272666],[-97.633566,30.272139],[-97.632832,30.271788],[-97.632753,30.27175],[-97.632069,30.271423],[-97.631994,30.271396],[-97.631616,30.271265],[-97.631256,30.27114],[-97.633685,30.267922],[-97.63578,30.265147],[-97.639495,30.267806],[-97.642008,30.264268],[-97.642933,30.264026],[-97.642069,30.263875],[-97.641514,30.263596],[-97.641411,30.263383],[-97.641574,30.263365],[-97.641698,30.26334],[-97.641825,30.263299],[-97.641921,30.263258],[-97.642008,30.263211],[-97.642111,30.263138],[-97.642297,30.262983],[-97.642332,30.262944],[-97.642409,30.26288],[-97.642439,30.262833],[-97.642659,30.262476],[-97.647829,30.26304],[-97.647958,30.263054],[-97.655563,30.262246],[-97.658313,30.261954],[-97.659043,30.261876],[-97.659525,30.261825],[-97.65968,30.261809],[-97.659722,30.261815],[-97.660047,30.261858],[-97.660279,30.261889],[-97.660396,30.261904],[-97.66055,30.261924],[-97.660594,30.262046],[-97.660622,30.262097],[-97.660658,30.262143],[-97.660698,30.262178],[-97.66076,30.262213],[-97.660967,30.262282],[-97.661044,30.26231],[-97.661139,30.262345],[-97.661335,30.262427],[-97.661471,30.262496],[-97.661564,30.262554],[-97.661876,30.262765],[-97.661964,30.262812],[-97.662023,30.262829],[-97.662117,30.262842],[-97.662205,30.262838],[-97.662272,30.262819],[-97.662339,30.262787],[-97.662403,30.262741],[-97.662467,30.26268],[-97.662556,30.262575],[-97.662658,30.262418],[-97.662776,30.262256],[-97.662851,30.262176],[-97.662912,30.262128],[-97.662982,30.262088],[-97.663047,30.262061],[-97.663102,30.262048],[-97.663231,30.26204],[-97.663523,30.262046],[-97.663755,30.262066],[-97.664338,30.262148],[-97.66461,30.262181],[-97.664673,30.262197],[-97.664829,30.262257],[-97.665267,30.262354],[-97.665471,30.262396],[-97.665817,30.262456],[-97.666003,30.262476],[-97.666282,30.262489],[-97.666586,30.262522],[-97.666824,30.262543],[-97.666928,30.262547],[-97.667074,30.262536],[-97.667184,30.262533],[-97.66734,30.262539],[-97.667589,30.262582],[-97.667824,30.262607],[-97.668035,30.262612],[-97.668432,30.262664],[-97.66847,30.262674],[-97.668559,30.262699],[-97.668628,30.262723],[-97.668729,30.262772],[-97.668822,30.262793],[-97.668902,30.262797],[-97.669018,30.262789],[-97.669181,30.262759],[-97.669311,30.262748],[-97.669357,30.262732],[-97.669418,30.262697],[-97.669498,30.262632],[-97.66955,30.262601],[-97.669617,30.262579],[-97.669734,30.262559],[-97.669981,30.262549],[-97.670094,30.262555],[-97.67048,30.262609],[-97.670561,30.262614],[-97.670818,30.26261],[-97.671082,30.262611],[-97.67115,30.262623],[-97.671215,30.262644],[-97.671285,30.262677],[-97.671443,30.262766],[-97.671639,30.262888],[-97.671714,30.262978],[-97.671752,30.263032],[-97.671956,30.263126],[-97.672136,30.263157],[-97.672178,30.263168],[-97.672269,30.263219],[-97.672358,30.263268],[-97.672446,30.26327],[-97.672472,30.263271],[-97.672503,30.263264],[-97.672643,30.263291],[-97.672912,30.263342],[-97.672814,30.263492],[-97.672643,30.263749],[-97.672602,30.26381],[-97.672478,30.264005],[-97.671064,30.266235],[-97.670777,30.266794],[-97.670614,30.267111],[-97.670572,30.267206],[-97.670272,30.267882],[-97.670019,30.268739],[-97.669924,30.269042],[-97.669837,30.269385],[-97.669055,30.272221],[-97.668926,30.272687],[-97.668784,30.273202],[-97.668703,30.273512],[-97.668572,30.273477],[-97.668554,30.273473],[-97.668453,30.273451],[-97.668386,30.273672],[-97.667863,30.27573],[-97.667799,30.275974],[-97.667843,30.275967],[-97.667943,30.275952],[-97.668063,30.275968],[-97.66801,30.276187],[-97.667918,30.276528],[-97.667153,30.279394],[-97.6669,30.28034],[-97.666572,30.281708],[-97.666552,30.281798],[-97.666526,30.281877],[-97.666354,30.282516],[-97.666057,30.283621],[-97.665508,30.285658],[-97.664468,30.289526],[-97.664313,30.290102],[-97.66388,30.291861],[-97.663808,30.292261],[-97.663771,30.292353],[-97.66365,30.292325],[-97.663499,30.29229],[-97.663489,30.29232],[-97.663449,30.292505],[-97.662394,30.296486],[-97.662387,30.296512],[-97.661725,30.298978],[-97.661009,30.301646],[-97.660866,30.302508],[-97.660845,30.302622],[-97.660108,30.302565],[-97.659601,30.302595],[-97.65902,30.302693],[-97.658334,30.302817],[-97.658228,30.302836],[-97.657127,30.303009],[-97.655374,30.303239],[-97.653887,30.302908],[-97.653064,30.302507],[-97.653014,30.302483]]]}},{"type":"Feature","properties":{"p":121},"geometry":{"type":"Polygon","coordinates":[[[-97.623218,30.330933],[-97.623274,30.330654],[-97.623162,30.330667],[-97.623288,30.330597],[-97.623321,30.330488],[-97.62335,30.330348],[-97.623417,30.330116],[-97.623492,30.3299],[-97.623619,30.329638],[-97.623791,30.329406],[-97.624138,30.329073],[-97.624368,30.328831],[-97.624756,30.328562],[-97.625429,30.328189],[-97.626547,30.327623],[-97.62676,30.327475],[-97.626984,30.32734],[-97.627313,30.327056],[-97.627522,30.326847],[-97.627716,30.326578],[-97.629652,30.323468],[-97.629949,30.322982],[-97.630626,30.321938],[-97.63139,30.320748],[-97.631872,30.32],[-97.632968,30.318283],[-97.634019,30.316637],[-97.634988,30.315139],[-97.636243,30.31319],[-97.636432,30.312886],[-97.636694,30.312525],[-97.636957,30.312254],[-97.637261,30.312007],[-97.637589,30.311794],[-97.637961,30.311587],[-97.638733,30.311379],[-97.639372,30.311207],[-97.640368,30.310989],[-97.640864,30.310701],[-97.640995,30.310626],[-97.641406,30.310389],[-97.642244,30.309464],[-97.64271,30.30895],[-97.643224,30.307904],[-97.643433,30.307579],[-97.643472,30.307514],[-97.643498,30.307471],[-97.643692,30.307147],[-97.644119,30.306477],[-97.644545,30.305842],[-97.644998,30.305164],[-97.645428,30.304532],[-97.645866,30.303832],[-97.64629,30.303178],[-97.646544,30.302791],[-97.64822,30.300237],[-97.649445,30.300815],[-97.65239,30.302203],[-97.652473,30.30224],[-97.653014,30.302483],[-97.653064,30.302507],[-97.653887,30.302908],[-97.655374,30.303239],[-97.657127,30.303009],[-97.658228,30.302836],[-97.658334,30.302817],[-97.65902,30.302693],[-97.659601,30.302595],[-97.660108,30.302565],[-97.660845,30.302622],[-97.660838,30.302722],[-97.660775,30.303456],[-97.660724,30.304052],[-97.660709,30.305135],[-97.660832,30.30651],[-97.660988,30.307517],[-97.661055,30.307837],[-97.661324,30.309114],[-97.661453,30.30966],[-97.661644,30.310469],[-97.661824,30.311233],[-97.661999,30.311974],[-97.662197,30.312858],[-97.662343,30.313512],[-97.662675,30.314998],[-97.662722,30.315166],[-97.662893,30.31577],[-97.662942,30.3159],[-97.663016,30.316097],[-97.663133,30.31638],[-97.663146,30.316427],[-97.663441,30.317044],[-97.663578,30.317302],[-97.663764,30.317628],[-97.664242,30.318339],[-97.664723,30.318913],[-97.665657,30.319818],[-97.666522,30.32064],[-97.666616,30.32073],[-97.669199,30.322613],[-97.670236,30.323352],[-97.67035,30.323448],[-97.670464,30.323543],[-97.671151,30.324128],[-97.671586,30.324462],[-97.671973,30.324758],[-97.672217,30.32497],[-97.672429,30.325104],[-97.672558,30.325188],[-97.67296,30.325496],[-97.673009,30.325536],[-97.673031,30.325555],[-97.673141,30.325646],[-97.673228,30.32572],[-97.672925,30.325827],[-97.672779,30.325878],[-97.671717,30.326284],[-97.670785,30.326578],[-97.670255,30.326745],[-97.669557,30.32693],[-97.668898,30.327068],[-97.668694,30.327127],[-97.66705,30.327471],[-97.665877,30.327694],[-97.664283,30.327965],[-97.662709,30.328156],[-97.661714,30.328254],[-97.659394,30.328426],[-97.654874,30.328725],[-97.654771,30.328733],[-97.654536,30.328752],[-97.653633,30.328826],[-97.651753,30.32894],[-97.650582,30.329018],[-97.64991,30.329065],[-97.648172,30.329186],[-97.647808,30.329209],[-97.647293,30.329239],[-97.646836,30.329264],[-97.644418,30.329493],[-97.644302,30.329504],[-97.643998,30.329539],[-97.641931,30.329662],[-97.641606,30.329681],[-97.641352,30.329696],[-97.638792,30.329848],[-97.638081,30.329891],[-97.629442,30.330471],[-97.627946,30.330581],[-97.625377,30.330772],[-97.624492,30.330839],[-97.623673,30.330901],[-97.623604,30.330906],[-97.623386,30.330921],[-97.623218,30.330933]]]}},{"type":"Feature","properties":{"p":122},"geometry":{"type":"Polygon","coordinates":[[[-97.634258,30.306079],[-97.634074,30.306072],[-97.633951,30.30607],[-97.633782,30.306074],[-97.633645,30.306082],[-97.633504,30.306085],[-97.633365,30.306094],[-97.633234,30.306106],[-97.633095,30.306016],[-97.631812,30.305452],[-97.631631,30.305325],[-97.630109,30.304534],[-97.630397,30.304054],[-97.630442,30.304005],[-97.630516,30.303878],[-97.630554,30.303789],[-97.63058,30.303746],[-97.630541,30.303699],[-97.629904,30.303434],[-97.629861,30.303427],[-97.629842,30.303409],[-97.627955,30.302523],[-97.627761,30.302448],[-97.627774,30.30243],[-97.626622,30.301854],[-97.624153,30.300622],[-97.624308,30.300385],[-97.624076,30.300314],[-97.624016,30.300296],[-97.622745,30.299659],[-97.622923,30.2993],[-97.622838,30.29926],[-97.623105,30.298807],[-97.623247,30.298567],[-97.626021,30.294255],[-97.627577,30.291825],[-97.627764,30.291532],[-97.627952,30.29124],[-97.628862,30.289849],[-97.628894,30.289788],[-97.628963,30.289656],[-97.629204,30.289293],[-97.629381,30.289027],[-97.629906,30.28824],[-97.631192,30.286226],[-97.632474,30.284235],[-97.632933,30.283523],[-97.634318,30.281372],[-97.634336,30.281344],[-97.634877,30.28051],[-97.635724,30.279205],[-97.635951,30.278855],[-97.636402,30.27816],[-97.636478,30.278042],[-97.63663,30.277803],[-97.637274,30.276794],[-97.637795,30.277165],[-97.63931,30.277868],[-97.641219,30.278282],[-97.641921,30.278549],[-97.643007,30.278963],[-97.643116,30.279004],[-97.643796,30.279258],[-97.645568,30.279944],[-97.647999,30.280828],[-97.647957,30.280973],[-97.647732,30.281755],[-97.647675,30.281982],[-97.647493,30.28238],[-97.647153,30.282873],[-97.646782,30.283289],[-97.646657,30.283449],[-97.646541,30.283625],[-97.646441,30.283832],[-97.646366,30.284062],[-97.646309,30.284267],[-97.646314,30.284371],[-97.646324,30.284647],[-97.646398,30.285058],[-97.646487,30.285269],[-97.646732,30.285675],[-97.647208,30.286458],[-97.647593,30.287126],[-97.647666,30.287326],[-97.647845,30.288196],[-97.647851,30.288641],[-97.647857,30.289049],[-97.647859,30.289277],[-97.647826,30.28953],[-97.647767,30.289751],[-97.647613,30.290163],[-97.647539,30.290291],[-97.647446,30.290482],[-97.647326,30.290655],[-97.647052,30.290985],[-97.646799,30.291202],[-97.646655,30.291293],[-97.645942,30.291814],[-97.645212,30.292335],[-97.644861,30.292617],[-97.644671,30.292792],[-97.644342,30.293178],[-97.644172,30.293449],[-97.64353,30.294437],[-97.643385,30.294621],[-97.643217,30.294796],[-97.64289,30.295117],[-97.642192,30.295737],[-97.641828,30.296052],[-97.641616,30.296259],[-97.641509,30.296397],[-97.641347,30.296605],[-97.641129,30.296994],[-97.640901,30.297473],[-97.640878,30.297528],[-97.6411,30.297589],[-97.64174,30.297766],[-97.641694,30.297871],[-97.64151,30.298295],[-97.641282,30.298961],[-97.64083,30.299504],[-97.640153,30.300241],[-97.639277,30.301183],[-97.638376,30.301788],[-97.637855,30.302154],[-97.637394,30.302434],[-97.637449,30.302523],[-97.637492,30.30269],[-97.637521,30.302756],[-97.637528,30.302914],[-97.637368,30.302994],[-97.637273,30.303054],[-97.637236,30.303091],[-97.637215,30.303129],[-97.637209,30.30317],[-97.637222,30.303297],[-97.637211,30.303334],[-97.637181,30.303369],[-97.637136,30.303403],[-97.637071,30.303468],[-97.637058,30.303496],[-97.637056,30.303565],[-97.637066,30.303631],[-97.637067,30.303697],[-97.637057,30.30372],[-97.636824,30.303955],[-97.636761,30.303988],[-97.636686,30.304005],[-97.63666,30.304025],[-97.636525,30.304175],[-97.636491,30.304219],[-97.636484,30.304236],[-97.636477,30.304274],[-97.636481,30.304389],[-97.63647,30.30443],[-97.636443,30.304472],[-97.6364,30.304514],[-97.636354,30.304544],[-97.63628,30.304572],[-97.636217,30.304613],[-97.636186,30.304652],[-97.636165,30.304668],[-97.636116,30.304674],[-97.636041,30.304663],[-97.635985,30.304672],[-97.63594,30.304695],[-97.635914,30.304718],[-97.635905,30.304739],[-97.6359,30.304959],[-97.635893,30.305044],[-97.63587,30.305227],[-97.635852,30.305263],[-97.63582,30.305297],[-97.635768,30.30533],[-97.635729,30.305341],[-97.635726,30.30537],[-97.635712,30.305384],[-97.635631,30.305407],[-97.635511,30.305472],[-97.635434,30.30553],[-97.635411,30.305563],[-97.635388,30.305628],[-97.635372,30.305732],[-97.635389,30.3061],[-97.635382,30.306157],[-97.635371,30.306184],[-97.635344,30.306224],[-97.635326,30.306237],[-97.634564,30.30611],[-97.634457,30.306097],[-97.63435,30.306086],[-97.634258,30.306079]]]}},{"type":"Feature","properties":{"p":123},"geometry":{"type":"Polygon","coordinates":[[[-97.617143,30.304408],[-97.616963,30.304181],[-97.616965,30.304632],[-97.612966,30.302166],[-97.612766,30.301869],[-97.61071,30.298812],[-97.609849,30.299053],[-97.6108,30.297614],[-97.610717,30.297457],[-97.610213,30.296502],[-97.608413,30.296385],[-97.608236,30.296373],[-97.608088,30.293437],[-97.606893,30.29279],[-97.607204,30.291256],[-97.605052,30.291364],[-97.604707,30.289619],[-97.604059,30.289419],[-97.605324,30.287485],[-97.605676,30.286954],[-97.606477,30.285757],[-97.606622,30.28558],[-97.606667,30.285461],[-97.607748,30.284084],[-97.608117,30.283292],[-97.609153,30.281626],[-97.612791,30.282561],[-97.613854,30.282831],[-97.614585,30.283296],[-97.614981,30.283516],[-97.615577,30.283797],[-97.615609,30.283585],[-97.615652,30.283491],[-97.615703,30.283214],[-97.615721,30.283186],[-97.615764,30.283147],[-97.615884,30.283067],[-97.61601,30.283005],[-97.616053,30.28297],[-97.616079,30.282927],[-97.616111,30.282843],[-97.61618,30.282721],[-97.6162,30.282652],[-97.616208,30.282481],[-97.616194,30.282415],[-97.616137,30.282284],[-97.616119,30.282182],[-97.616133,30.282164],[-97.616215,30.282105],[-97.616254,30.28202],[-97.61631,30.281943],[-97.616457,30.281823],[-97.616491,30.281786],[-97.616505,30.281758],[-97.61649,30.281722],[-97.616377,30.281561],[-97.616368,30.281523],[-97.616374,30.28149],[-97.616614,30.281067],[-97.616879,30.280677],[-97.616939,30.280659],[-97.616975,30.280658],[-97.617016,30.280644],[-97.617055,30.280618],[-97.61709,30.280582],[-97.617174,30.280476],[-97.617198,30.280426],[-97.617213,30.280369],[-97.617221,30.280304],[-97.617215,30.280263],[-97.617192,30.28023],[-97.617154,30.280201],[-97.617112,30.280182],[-97.616741,30.280101],[-97.616702,30.280071],[-97.616688,30.280028],[-97.616802,30.279795],[-97.616975,30.279456],[-97.616981,30.27942],[-97.616968,30.27938],[-97.616942,30.279344],[-97.616861,30.27925],[-97.616833,30.279196],[-97.616815,30.279096],[-97.61682,30.279006],[-97.61684,30.278933],[-97.616904,30.27877],[-97.616922,30.278691],[-97.616925,30.278604],[-97.616912,30.278558],[-97.616862,30.278486],[-97.616809,30.278423],[-97.616671,30.278299],[-97.61658,30.278186],[-97.616532,30.278112],[-97.616495,30.278039],[-97.616468,30.277965],[-97.61643,30.277836],[-97.616337,30.277581],[-97.616296,30.2775],[-97.616255,30.277444],[-97.616117,30.277314],[-97.615988,30.277211],[-97.615942,30.277155],[-97.615923,30.277118],[-97.615897,30.277049],[-97.61584,30.276764],[-97.615822,30.276716],[-97.615774,30.276621],[-97.615739,30.276504],[-97.615727,30.276437],[-97.61573,30.276312],[-97.61572,30.276263],[-97.615668,30.276143],[-97.615598,30.276073],[-97.615593,30.27605],[-97.615604,30.276011],[-97.615643,30.275916],[-97.615687,30.275768],[-97.61526,30.276382],[-97.615187,30.276487],[-97.614244,30.276031],[-97.614267,30.27601],[-97.614482,30.27576],[-97.614714,30.275515],[-97.614807,30.275431],[-97.614912,30.275349],[-97.614996,30.275269],[-97.615044,30.275209],[-97.615086,30.275123],[-97.615132,30.275003],[-97.615166,30.274937],[-97.615292,30.274784],[-97.615493,30.274458],[-97.615585,30.274328],[-97.615591,30.274294],[-97.615588,30.274269],[-97.615532,30.274182],[-97.615564,30.274178],[-97.615599,30.274159],[-97.615666,30.274104],[-97.615748,30.274015],[-97.615815,30.27396],[-97.615996,30.273825],[-97.616138,30.273702],[-97.616274,30.273571],[-97.616366,30.273473],[-97.616384,30.273428],[-97.616401,30.273357],[-97.616422,30.27333],[-97.616774,30.273152],[-97.616865,30.273109],[-97.616927,30.273081],[-97.616981,30.273044],[-97.617098,30.272933],[-97.61727,30.272822],[-97.617406,30.272743],[-97.617663,30.272629],[-97.617765,30.272566],[-97.61783,30.272511],[-97.617929,30.272406],[-97.617967,30.27236],[-97.618264,30.272158],[-97.618251,30.27213],[-97.618254,30.272097],[-97.618292,30.271999],[-97.618295,30.271898],[-97.618246,30.27164],[-97.618223,30.271597],[-97.618109,30.271467],[-97.618049,30.271378],[-97.618004,30.27132],[-97.617994,30.27129],[-97.617987,30.271195],[-97.617963,30.271132],[-97.617924,30.271078],[-97.617871,30.271032],[-97.617711,30.270929],[-97.617614,30.270839],[-97.617536,30.27074],[-97.6175,30.270678],[-97.617483,30.270632],[-97.617461,30.270515],[-97.617402,30.270319],[-97.617367,30.270237],[-97.617327,30.27019],[-97.617042,30.270026],[-97.616974,30.269951],[-97.61692,30.269887],[-97.616905,30.269864],[-97.616893,30.269822],[-97.616897,30.269776],[-97.616949,30.26961],[-97.616985,30.269536],[-97.616994,30.269489],[-97.616991,30.269461],[-97.616975,30.269414],[-97.617,30.269374],[-97.618312,30.267324],[-97.618891,30.266419],[-97.619334,30.265726],[-97.620145,30.264459],[-97.62037,30.264107],[-97.620792,30.263447],[-97.621263,30.262679],[-97.623382,30.264594],[-97.625368,30.266762],[-97.625547,30.266962],[-97.626027,30.267497],[-97.626517,30.268452],[-97.626656,30.268723],[-97.627349,30.26921],[-97.628312,30.269886],[-97.628774,30.270116],[-97.628887,30.270173],[-97.629825,30.270641],[-97.630544,30.270892],[-97.631126,30.271094],[-97.631256,30.27114],[-97.631616,30.271265],[-97.631994,30.271396],[-97.632069,30.271423],[-97.632753,30.27175],[-97.632832,30.271788],[-97.633566,30.272139],[-97.634609,30.272666],[-97.635674,30.273204],[-97.637035,30.273891],[-97.637961,30.274303],[-97.638346,30.274466],[-97.637274,30.276794],[-97.63663,30.277803],[-97.636478,30.278042],[-97.636402,30.27816],[-97.635951,30.278855],[-97.635724,30.279205],[-97.634877,30.28051],[-97.634336,30.281344],[-97.634318,30.281372],[-97.632933,30.283523],[-97.632474,30.284235],[-97.631192,30.286226],[-97.629906,30.28824],[-97.629381,30.289027],[-97.629204,30.289293],[-97.628963,30.289656],[-97.628894,30.289788],[-97.628862,30.289849],[-97.627952,30.29124],[-97.627764,30.291532],[-97.627577,30.291825],[-97.626021,30.294255],[-97.623247,30.298567],[-97.623105,30.298807],[-97.622838,30.29926],[-97.622532,30.299722],[-97.621888,30.300695],[-97.621418,30.301414],[-97.621028,30.301978],[-97.620842,30.302262],[-97.620266,30.303158],[-97.620081,30.303447],[-97.61983,30.303838],[-97.619805,30.303877],[-97.619663,30.304146],[-97.619336,30.304582],[-97.619295,30.304652],[-97.619082,30.305009],[-97.61901,30.305129],[-97.618923,30.305276],[-97.618736,30.305595],[-97.618517,30.30597],[-97.618014,30.306804],[-97.617945,30.306896],[-97.617844,30.306596],[-97.617847,30.306517],[-97.617838,30.306439],[-97.617819,30.306367],[-97.617789,30.306301],[-97.617616,30.306003],[-97.617491,30.30581],[-97.617453,30.30572],[-97.617285,30.305125],[-97.617306,30.305114],[-97.617323,30.305092],[-97.617339,30.305043],[-97.617423,30.304918],[-97.617433,30.304867],[-97.617427,30.304819],[-97.61739,30.30473],[-97.617327,30.304652],[-97.617296,30.304623],[-97.617211,30.30456],[-97.617194,30.304537],[-97.617143,30.304408]]]}},{"type":"Feature","properties":{"p":126},"geometry":{"type":"Polygon","coordinates":[[[-97.547994,30.268102],[-97.549699,30.265446],[-97.551789,30.262191],[-97.55185,30.262101],[-97.553298,30.259944],[-97.554073,30.258624],[-97.554351,30.25821],[-97.554501,30.257929],[-97.554608,30.257676],[-97.554683,30.257377],[-97.554725,30.257092],[-97.554716,30.256867],[-97.554679,30.256647],[-97.554602,30.256088],[-97.555417,30.255885],[-97.556074,30.255419],[-97.556208,30.255284],[-97.556454,30.254938],[-97.55709,30.253967],[-97.557925,30.252639],[-97.559156,30.250639],[-97.559517,30.250026],[-97.559739,30.249735],[-97.560379,30.249255],[-97.560725,30.249029],[-97.560802,30.249081],[-97.560897,30.249102],[-97.560996,30.249129],[-97.56106,30.249132],[-97.561324,30.249165],[-97.561695,30.249198],[-97.561794,30.24919],[-97.561845,30.249198],[-97.561947,30.249221],[-97.562147,30.249254],[-97.562271,30.249287],[-97.562382,30.249323],[-97.562412,30.249344],[-97.562417,30.249362],[-97.56241,30.249411],[-97.562395,30.249493],[-97.562414,30.249567],[-97.562414,30.24964],[-97.562404,30.249677],[-97.562395,30.249694],[-97.562286,30.249856],[-97.562264,30.249899],[-97.562264,30.24993],[-97.5623,30.250027],[-97.562279,30.250218],[-97.562284,30.250257],[-97.56231,30.25029],[-97.562374,30.250353],[-97.562472,30.250468],[-97.562595,30.250631],[-97.562703,30.2508],[-97.562871,30.251045],[-97.562964,30.251163],[-97.563041,30.251231],[-97.563116,30.251282],[-97.563226,30.251334],[-97.563306,30.25136],[-97.56334,30.251367],[-97.563402,30.251368],[-97.563591,30.251343],[-97.563728,30.251341],[-97.563792,30.25135],[-97.563855,30.251377],[-97.56391,30.251418],[-97.563967,30.251479],[-97.56399,30.251518],[-97.563999,30.251556],[-97.563996,30.251652],[-97.563971,30.251866],[-97.56398,30.251886],[-97.56401,30.251906],[-97.56409,30.251944],[-97.564113,30.251967],[-97.564157,30.252185],[-97.564178,30.252249],[-97.564254,30.252332],[-97.564288,30.252397],[-97.564305,30.252455],[-97.564307,30.252491],[-97.564298,30.252589],[-97.564303,30.252639],[-97.564323,30.252742],[-97.564322,30.252781],[-97.564309,30.252886],[-97.564324,30.252991],[-97.56438,30.253255],[-97.564422,30.253407],[-97.564481,30.253554],[-97.564611,30.2538],[-97.56468,30.253961],[-97.564714,30.254079],[-97.564758,30.254325],[-97.564799,30.254671],[-97.564823,30.25482],[-97.564849,30.254912],[-97.564873,30.254974],[-97.56494,30.25503],[-97.564945,30.255049],[-97.564929,30.255095],[-97.564891,30.255145],[-97.564795,30.255235],[-97.564748,30.255298],[-97.564694,30.255388],[-97.564665,30.255456],[-97.564633,30.255496],[-97.564601,30.255523],[-97.564506,30.255581],[-97.564372,30.255638],[-97.564329,30.255668],[-97.56428,30.255719],[-97.564262,30.255768],[-97.564247,30.25584],[-97.56423,30.255868],[-97.564192,30.255892],[-97.564109,30.255921],[-97.564024,30.255972],[-97.56398,30.256006],[-97.563912,30.256084],[-97.563769,30.25628],[-97.563685,30.256409],[-97.563677,30.256442],[-97.563684,30.256475],[-97.564093,30.256995],[-97.564267,30.257166],[-97.564275,30.257263],[-97.564268,30.257328],[-97.564249,30.257389],[-97.564192,30.257508],[-97.564177,30.257567],[-97.564151,30.257709],[-97.564128,30.25778],[-97.564027,30.257954],[-97.563989,30.258032],[-97.563976,30.258082],[-97.563981,30.25811],[-97.564,30.25814],[-97.564045,30.258177],[-97.564112,30.258214],[-97.564139,30.258241],[-97.564143,30.258261],[-97.564142,30.258293],[-97.564182,30.258393],[-97.564209,30.258443],[-97.564292,30.25855],[-97.564421,30.258808],[-97.564451,30.258847],[-97.564498,30.258885],[-97.564588,30.258948],[-97.564728,30.25908],[-97.564768,30.259126],[-97.564872,30.259262],[-97.564947,30.259348],[-97.565043,30.25944],[-97.565118,30.259489],[-97.56517,30.259509],[-97.56524,30.259516],[-97.565268,30.259511],[-97.565288,30.2595],[-97.565341,30.25946],[-97.565442,30.259416],[-97.565491,30.259406],[-97.565525,30.25941],[-97.565561,30.259428],[-97.56561,30.259465],[-97.565643,30.259525],[-97.565664,30.259539],[-97.565727,30.259542],[-97.56599,30.259513],[-97.566124,30.259512],[-97.566308,30.259535],[-97.566448,30.259527],[-97.56648,30.259535],[-97.566506,30.259567],[-97.566596,30.259579],[-97.566708,30.259575],[-97.566863,30.25958],[-97.566908,30.259574],[-97.566957,30.259557],[-97.567018,30.259522],[-97.567062,30.259474],[-97.567085,30.259428],[-97.567113,30.259321],[-97.567126,30.259288],[-97.567172,30.259201],[-97.567228,30.259126],[-97.567303,30.259053],[-97.56736,30.259019],[-97.567417,30.259004],[-97.567454,30.259006],[-97.567492,30.259015],[-97.567555,30.259042],[-97.567704,30.259138],[-97.567766,30.259188],[-97.567826,30.259267],[-97.567846,30.259288],[-97.567949,30.259365],[-97.567995,30.259389],[-97.568063,30.259408],[-97.568084,30.259417],[-97.568252,30.259524],[-97.568375,30.259612],[-97.568448,30.259681],[-97.568487,30.259745],[-97.568496,30.259786],[-97.568489,30.259849],[-97.568437,30.260017],[-97.568435,30.260046],[-97.568442,30.260077],[-97.568469,30.260121],[-97.568495,30.260144],[-97.568575,30.260192],[-97.568667,30.260262],[-97.568738,30.260331],[-97.568769,30.260386],[-97.568796,30.260493],[-97.568792,30.260526],[-97.568759,30.260599],[-97.568759,30.26063],[-97.568832,30.260818],[-97.568894,30.261006],[-97.568911,30.261033],[-97.568955,30.261067],[-97.569013,30.261087],[-97.569048,30.261088],[-97.569084,30.261081],[-97.569113,30.261066],[-97.569127,30.261051],[-97.569191,30.26091],[-97.569234,30.260788],[-97.569257,30.260765],[-97.569285,30.260756],[-97.569338,30.260751],[-97.5695,30.260787],[-97.569548,30.260805],[-97.569605,30.260841],[-97.569636,30.260873],[-97.569668,30.260925],[-97.569687,30.260985],[-97.569871,30.26111],[-97.570007,30.261227],[-97.570142,30.26132],[-97.570239,30.261419],[-97.570306,30.26151],[-97.57033,30.261554],[-97.570343,30.261588],[-97.570358,30.261667],[-97.570362,30.261765],[-97.570355,30.261896],[-97.570323,30.262063],[-97.570312,30.26217],[-97.570313,30.262266],[-97.570322,30.262327],[-97.570347,30.262392],[-97.570364,30.262612],[-97.570378,30.262669],[-97.570411,30.26291],[-97.570431,30.262959],[-97.570471,30.262992],[-97.570495,30.263006],[-97.570555,30.263055],[-97.570583,30.26307],[-97.570648,30.263094],[-97.57098,30.263293],[-97.571327,30.263573],[-97.571505,30.263687],[-97.571583,30.263748],[-97.571652,30.263786],[-97.571746,30.263829],[-97.571876,30.263864],[-97.571992,30.263876],[-97.572165,30.263906],[-97.572389,30.263975],[-97.572505,30.264019],[-97.57275,30.264136],[-97.572885,30.264185],[-97.572928,30.264194],[-97.572965,30.264192],[-97.573072,30.264144],[-97.573122,30.264127],[-97.57317,30.264131],[-97.573319,30.264126],[-97.573427,30.264146],[-97.573476,30.264165],[-97.573518,30.264191],[-97.573574,30.264246],[-97.573609,30.264304],[-97.573618,30.26434],[-97.573618,30.264388],[-97.573665,30.264401],[-97.573686,30.264407],[-97.57393,30.264585],[-97.574114,30.264693],[-97.574148,30.264697],[-97.574206,30.264676],[-97.574233,30.264658],[-97.574272,30.264661],[-97.574336,30.26469],[-97.574493,30.264704],[-97.574524,30.264728],[-97.574566,30.264792],[-97.574632,30.264879],[-97.574676,30.264959],[-97.57469,30.265038],[-97.574731,30.265156],[-97.574797,30.2653],[-97.57483,30.265349],[-97.574868,30.265385],[-97.574994,30.265466],[-97.57503,30.265496],[-97.575049,30.265519],[-97.575265,30.265658],[-97.575292,30.265683],[-97.575313,30.265692],[-97.575343,30.26569],[-97.575426,30.265656],[-97.575495,30.26565],[-97.575545,30.265657],[-97.575587,30.265674],[-97.575661,30.265742],[-97.576129,30.266015],[-97.576305,30.266102],[-97.576541,30.266242],[-97.576626,30.266282],[-97.576711,30.266216],[-97.576718,30.266149],[-97.576754,30.266076],[-97.576929,30.265898],[-97.577007,30.265842],[-97.577056,30.265774],[-97.577051,30.265711],[-97.577015,30.265633],[-97.576996,30.265572],[-97.576993,30.265478],[-97.576956,30.265334],[-97.576963,30.265257],[-97.576975,30.265207],[-97.577003,30.265162],[-97.57704,30.265122],[-97.577119,30.265048],[-97.577179,30.26497],[-97.57728,30.264817],[-97.577303,30.264761],[-97.57731,30.2647],[-97.577307,30.264624],[-97.577264,30.26446],[-97.57728,30.26432],[-97.577258,30.264283],[-97.57725,30.26425],[-97.577271,30.264183],[-97.577316,30.26411],[-97.577343,30.264032],[-97.57239,30.261529],[-97.574454,30.258331],[-97.57446,30.258347],[-97.574499,30.258399],[-97.57458,30.258448],[-97.574616,30.2585],[-97.574706,30.258661],[-97.574994,30.25824],[-97.575209,30.257898],[-97.57574,30.257108],[-97.576212,30.256466],[-97.576661,30.255799],[-97.57711,30.255117],[-97.577791,30.255441],[-97.578231,30.254744],[-97.578238,30.254732],[-97.578484,30.254349],[-97.578665,30.254053],[-97.578756,30.253907],[-97.57908,30.253389],[-97.579099,30.253358],[-97.579294,30.253047],[-97.579324,30.253005],[-97.579726,30.252451],[-97.580164,30.251764],[-97.580602,30.251112],[-97.581421,30.249852],[-97.581561,30.249622],[-97.582017,30.248899],[-97.582081,30.24882],[-97.582158,30.248744],[-97.582253,30.248671],[-97.582457,30.248538],[-97.582641,30.248439],[-97.582719,30.248381],[-97.58279,30.248316],[-97.582837,30.248253],[-97.582903,30.248148],[-97.582955,30.248033],[-97.582989,30.247879],[-97.58303,30.247475],[-97.583036,30.247324],[-97.583062,30.247067],[-97.583068,30.246821],[-97.583071,30.246716],[-97.583047,30.246605],[-97.582911,30.246256],[-97.582884,30.246151],[-97.582869,30.246057],[-97.582848,30.245842],[-97.582869,30.245758],[-97.582911,30.245664],[-97.583405,30.244872],[-97.583462,30.244782],[-97.584457,30.243208],[-97.58486,30.242562],[-97.585276,30.24193],[-97.58567,30.241166],[-97.585878,30.240772],[-97.585978,30.240507],[-97.586621,30.240801],[-97.58738,30.241142],[-97.588116,30.241513],[-97.588402,30.241643],[-97.588751,30.241795],[-97.589147,30.241245],[-97.589387,30.240979],[-97.589628,30.240802],[-97.589856,30.240764],[-97.590135,30.240764],[-97.590299,30.240789],[-97.590489,30.240865],[-97.590967,30.24113],[-97.591517,30.240283],[-97.591712,30.239862],[-97.591746,30.239534],[-97.591723,30.239273],[-97.591567,30.23894],[-97.591367,30.23867],[-97.591086,30.238447],[-97.590708,30.238255],[-97.590255,30.238035],[-97.589751,30.237786],[-97.588957,30.237392],[-97.588142,30.236988],[-97.588046,30.236904],[-97.588954,30.235463],[-97.589085,30.235464],[-97.58916,30.235477],[-97.589839,30.235512],[-97.590004,30.235575],[-97.590203,30.235619],[-97.5904,30.235618],[-97.590701,30.235591],[-97.590901,30.235602],[-97.590994,30.235626],[-97.591042,30.235684],[-97.591086,30.235798],[-97.591091,30.236012],[-97.591125,30.236087],[-97.591207,30.23614],[-97.591435,30.236179],[-97.591637,30.236136],[-97.591788,30.236091],[-97.591912,30.236078],[-97.592034,30.23608],[-97.592199,30.236118],[-97.592446,30.236206],[-97.592662,30.236293],[-97.592677,30.23632],[-97.592668,30.236358],[-97.592639,30.236436],[-97.592584,30.236513],[-97.592566,30.236561],[-97.592571,30.236603],[-97.592614,30.236651],[-97.592658,30.236685],[-97.592772,30.236731],[-97.592795,30.236763],[-97.592833,30.236795],[-97.59293,30.236843],[-97.592982,30.236885],[-97.593015,30.236931],[-97.593195,30.237311],[-97.593232,30.237374],[-97.593282,30.237436],[-97.593342,30.237485],[-97.59336,30.237505],[-97.593388,30.237556],[-97.593419,30.237684],[-97.593485,30.237916],[-97.593507,30.23804],[-97.593535,30.238158],[-97.593564,30.238222],[-97.593616,30.238298],[-97.593687,30.238376],[-97.593727,30.238428],[-97.593763,30.238496],[-97.593775,30.238539],[-97.593774,30.238577],[-97.593757,30.238638],[-97.593591,30.238989],[-97.593582,30.239037],[-97.593589,30.239077],[-97.593651,30.239226],[-97.59375,30.239409],[-97.593827,30.239514],[-97.593991,30.239855],[-97.594013,30.239878],[-97.594226,30.240028],[-97.59428,30.240058],[-97.594401,30.240127],[-97.594518,30.240182],[-97.594542,30.2402],[-97.594579,30.240237],[-97.594617,30.240292],[-97.594627,30.240321],[-97.594626,30.240341],[-97.594613,30.240363],[-97.594577,30.240388],[-97.594483,30.240419],[-97.594411,30.240422],[-97.594387,30.240429],[-97.594364,30.240449],[-97.59435,30.240481],[-97.594345,30.240526],[-97.594352,30.240555],[-97.594474,30.240685],[-97.594623,30.240798],[-97.594658,30.240839],[-97.594836,30.241198],[-97.594885,30.241265],[-97.594912,30.241284],[-97.595167,30.241341],[-97.595202,30.241359],[-97.595217,30.241382],[-97.595226,30.241441],[-97.595261,30.241537],[-97.595316,30.241625],[-97.595584,30.241983],[-97.59563,30.24203],[-97.595723,30.242082],[-97.59578,30.242169],[-97.595848,30.242183],[-97.595872,30.242195],[-97.59592,30.242248],[-97.596082,30.242379],[-97.596131,30.242411],[-97.596165,30.242444],[-97.596271,30.242588],[-97.596302,30.242615],[-97.596374,30.242649],[-97.596439,30.242686],[-97.596507,30.242735],[-97.596554,30.242802],[-97.596591,30.24284],[-97.596998,30.2431],[-97.597103,30.243173],[-97.597172,30.243213],[-97.597243,30.243228],[-97.597583,30.243216],[-97.59764,30.243218],[-97.597863,30.24326],[-97.59795,30.24328],[-97.598188,30.243436],[-97.598269,30.243482],[-97.598301,30.243494],[-97.598533,30.243538],[-97.59861,30.243557],[-97.598669,30.243587],[-97.598731,30.243633],[-97.598748,30.243644],[-97.598788,30.24366],[-97.59886,30.243665],[-97.599305,30.243676],[-97.59947,30.243708],[-97.599548,30.243731],[-97.599628,30.243769],[-97.599754,30.243845],[-97.599852,30.243899],[-97.600111,30.244025],[-97.600314,30.244111],[-97.600356,30.244135],[-97.600533,30.244303],[-97.60057,30.244317],[-97.600604,30.244318],[-97.600649,30.244307],[-97.600708,30.244268],[-97.600774,30.244232],[-97.600815,30.244222],[-97.601409,30.244188],[-97.601502,30.2442],[-97.601612,30.244229],[-97.601695,30.244268],[-97.601825,30.24435],[-97.601851,30.244363],[-97.60189,30.24437],[-97.601963,30.244364],[-97.602021,30.24435],[-97.602053,30.24435],[-97.602078,30.244367],[-97.602104,30.244406],[-97.602149,30.244526],[-97.602186,30.24461],[-97.602213,30.244646],[-97.602266,30.244689],[-97.60246,30.244799],[-97.602526,30.244812],[-97.602718,30.24487],[-97.602848,30.244903],[-97.60295,30.244914],[-97.603046,30.244924],[-97.603465,30.244976],[-97.603547,30.244996],[-97.603645,30.245031],[-97.603842,30.245123],[-97.603921,30.245156],[-97.603985,30.245172],[-97.604146,30.24518],[-97.604185,30.245187],[-97.604224,30.245214],[-97.604249,30.245247],[-97.604262,30.245284],[-97.60426,30.245352],[-97.604264,30.245426],[-97.604331,30.245721],[-97.604349,30.245749],[-97.604403,30.245793],[-97.604585,30.245916],[-97.604663,30.245948],[-97.604818,30.246042],[-97.604912,30.246106],[-97.604955,30.24616],[-97.605009,30.246223],[-97.60503,30.24624],[-97.605099,30.246268],[-97.60505,30.246313],[-97.605002,30.24633],[-97.60494,30.24636],[-97.604784,30.246452],[-97.604658,30.246551],[-97.604585,30.246602],[-97.604543,30.246611],[-97.604508,30.246637],[-97.604454,30.246722],[-97.604417,30.246798],[-97.604411,30.246835],[-97.604423,30.246854],[-97.604448,30.246866],[-97.604533,30.246883],[-97.604611,30.24689],[-97.604656,30.246899],[-97.604711,30.246921],[-97.604764,30.246956],[-97.604872,30.247076],[-97.604893,30.247107],[-97.604898,30.247134],[-97.604887,30.24716],[-97.604839,30.247198],[-97.604777,30.247239],[-97.604762,30.247267],[-97.60476,30.247321],[-97.60477,30.247378],[-97.604774,30.247439],[-97.604768,30.247457],[-97.604747,30.247475],[-97.604586,30.247519],[-97.604535,30.247542],[-97.604508,30.247576],[-97.604493,30.247622],[-97.604497,30.247681],[-97.60449,30.247761],[-97.604445,30.248033],[-97.604416,30.248121],[-97.604385,30.248177],[-97.604384,30.248208],[-97.604432,30.248352],[-97.60445,30.248747],[-97.604459,30.248819],[-97.604544,30.248968],[-97.604552,30.24907],[-97.604574,30.249157],[-97.604614,30.2492],[-97.604661,30.249375],[-97.604708,30.249555],[-97.60475,30.249659],[-97.604792,30.249732],[-97.604853,30.249866],[-97.604888,30.249929],[-97.60502,30.250093],[-97.605175,30.250265],[-97.605256,30.250333],[-97.60536,30.250399],[-97.605424,30.250429],[-97.60552,30.250447],[-97.604653,30.251711],[-97.603581,30.253338],[-97.604068,30.253503],[-97.604178,30.25354],[-97.60459,30.253726],[-97.601154,30.259205],[-97.599615,30.261696],[-97.597663,30.264859],[-97.59606,30.267266],[-97.595261,30.26859],[-97.594403,30.270015],[-97.593828,30.270896],[-97.593298,30.271582],[-97.59267,30.272268],[-97.591205,30.273808],[-97.589446,30.2752],[-97.588711,30.275806],[-97.588275,30.276169],[-97.585454,30.278349],[-97.584828,30.278938],[-97.582905,30.280495],[-97.581255,30.281833],[-97.579716,30.28319],[-97.578889,30.284205],[-97.578185,30.285047],[-97.577389,30.286211],[-97.576798,30.287072],[-97.576107,30.288081],[-97.575442,30.288998],[-97.574714,30.290005],[-97.573065,30.292405],[-97.571856,30.294347],[-97.571013,30.296051],[-97.570261,30.298214],[-97.569877,30.299734],[-97.569712,30.300577],[-97.569657,30.301035],[-97.569621,30.301486],[-97.569511,30.302885],[-97.569492,30.304314],[-97.56951,30.304473],[-97.569033,30.305167],[-97.569115,30.305933],[-97.569359,30.307152],[-97.569621,30.308309],[-97.5697,30.308506],[-97.569964,30.309283],[-97.570058,30.309558],[-97.570377,30.310594],[-97.570684,30.311204],[-97.571266,30.312362],[-97.571924,30.313491],[-97.571991,30.313619],[-97.572507,30.314257],[-97.574073,30.316352],[-97.577005,30.319943],[-97.579203,30.322582],[-97.579991,30.323535],[-97.582117,30.326155],[-97.582652,30.32671],[-97.58338,30.327575],[-97.583829,30.328174],[-97.584297,30.328848],[-97.58525,30.330112],[-97.586038,30.331505],[-97.586768,30.332914],[-97.588145,30.335572],[-97.588706,30.336474],[-97.589614,30.338235],[-97.59005,30.339072],[-97.590619,30.340208],[-97.590771,30.340512],[-97.590886,30.34073],[-97.590515,30.340867],[-97.590192,30.340991],[-97.588503,30.341626],[-97.585805,30.342595],[-97.585553,30.34269],[-97.585298,30.342788],[-97.584071,30.343264],[-97.582927,30.343613],[-97.581757,30.343943],[-97.580768,30.344224],[-97.580705,30.34424],[-97.580502,30.344292],[-97.580431,30.344313],[-97.580317,30.344349],[-97.580138,30.344389],[-97.580076,30.344403],[-97.580038,30.344412],[-97.578942,30.344665],[-97.574665,30.345572],[-97.573161,30.345891],[-97.572878,30.34596],[-97.572864,30.345964],[-97.572571,30.346024],[-97.572285,30.346083],[-97.571922,30.346171],[-97.570914,30.3464],[-97.569829,30.34665],[-97.567557,30.347139],[-97.564653,30.347753],[-97.563759,30.347931],[-97.562366,30.348208],[-97.562001,30.348281],[-97.560821,30.348476],[-97.559815,30.348643],[-97.559547,30.348687],[-97.559335,30.348721],[-97.559123,30.348741],[-97.558236,30.348822],[-97.55787,30.348835],[-97.557861,30.348841],[-97.557636,30.348847],[-97.557189,30.348884],[-97.556957,30.348887],[-97.556635,30.3489],[-97.556323,30.348931],[-97.555935,30.348946],[-97.555939,30.348761],[-97.555926,30.348433],[-97.555945,30.34828],[-97.55598,30.348148],[-97.556097,30.347626],[-97.556167,30.347387],[-97.556208,30.347248],[-97.556317,30.346803],[-97.556514,30.345964],[-97.556631,30.345502],[-97.556834,30.344628],[-97.557034,30.343721],[-97.557255,30.342818],[-97.557484,30.341954],[-97.557699,30.341076],[-97.558006,30.339762],[-97.558017,30.339692],[-97.558062,30.339392],[-97.558088,30.339309],[-97.558296,30.33853],[-97.558314,30.338462],[-97.558479,30.337677],[-97.558385,30.337642],[-97.557439,30.337484],[-97.556281,30.337266],[-97.555892,30.337195],[-97.55537,30.3371],[-97.554205,30.336921],[-97.553568,30.336594],[-97.551972,30.335789],[-97.550713,30.335154],[-97.550689,30.335142],[-97.550048,30.33409],[-97.549885,30.333823],[-97.549619,30.333386],[-97.54932,30.332895],[-97.548912,30.332225],[-97.548874,30.332162],[-97.548854,30.332129],[-97.548623,30.331752],[-97.548194,30.331049],[-97.54798,30.330698],[-97.547468,30.329857],[-97.545446,30.326541],[-97.544226,30.324539],[-97.543673,30.323629],[-97.542603,30.321869],[-97.542306,30.321381],[-97.541561,30.320154],[-97.540569,30.318463],[-97.539316,30.316327],[-97.538931,30.31559],[-97.538801,30.315367],[-97.537713,30.313547],[-97.53731,30.312325],[-97.537389,30.311763],[-97.537278,30.311154],[-97.537165,30.310497],[-97.536921,30.309949],[-97.536564,30.309403],[-97.53606,30.308781],[-97.535659,30.308372],[-97.534904,30.307943],[-97.533895,30.307449],[-97.532703,30.306866],[-97.532364,30.306578],[-97.530759,30.305107],[-97.530152,30.304354],[-97.528395,30.300809],[-97.529192,30.300279],[-97.529812,30.299666],[-97.530171,30.298897],[-97.530834,30.296858],[-97.531026,30.296316],[-97.532353,30.29257],[-97.533291,30.291253],[-97.534147,30.29005],[-97.534367,30.289739],[-97.535364,30.288296],[-97.535727,30.28777],[-97.536292,30.286947],[-97.537016,30.285892],[-97.537277,30.285512],[-97.537536,30.285108],[-97.537738,30.284793],[-97.539294,30.282363],[-97.539449,30.282121],[-97.54006,30.281167],[-97.541305,30.279164],[-97.541595,30.278695],[-97.541752,30.278445],[-97.54236,30.277501],[-97.542547,30.277211],[-97.542594,30.277138],[-97.544516,30.274023],[-97.545286,30.272774],[-97.545992,30.271631],[-97.547058,30.269902],[-97.547154,30.26966],[-97.547365,30.269128],[-97.547994,30.268102]]]}},{"type":"Feature","properties":{"p":130},"geometry":{"type":"Polygon","coordinates":[[[-97.695464,30.33687],[-97.693271,30.335828],[-97.693178,30.336038],[-97.692233,30.335632],[-97.691072,30.335133],[-97.689689,30.334486],[-97.688184,30.333758],[-97.686638,30.33303],[-97.686222,30.332839],[-97.686384,30.332617],[-97.686345,30.332598],[-97.686255,30.332568],[-97.686199,30.332549],[-97.685682,30.332376],[-97.68443,30.331877],[-97.683803,30.331599],[-97.681992,30.330817],[-97.681339,30.330475],[-97.680757,30.330183],[-97.680626,30.330116],[-97.680138,30.329864],[-97.679034,30.329303],[-97.678892,30.329217],[-97.678352,30.328961],[-97.677517,30.328505],[-97.676855,30.328153],[-97.675958,30.327626],[-97.675278,30.327185],[-97.674169,30.326333],[-97.674101,30.32628],[-97.67392,30.326152],[-97.673759,30.326068],[-97.673228,30.32572],[-97.673329,30.325684],[-97.673492,30.325626],[-97.673572,30.325598],[-97.67371,30.32555],[-97.673973,30.325458],[-97.674134,30.325402],[-97.67431,30.325341],[-97.677972,30.324054],[-97.678932,30.323699],[-97.679019,30.323672],[-97.67991,30.323398],[-97.680785,30.32309],[-97.681023,30.323006],[-97.682261,30.322595],[-97.683437,30.322206],[-97.684294,30.32197],[-97.684876,30.321856],[-97.687042,30.321634],[-97.687884,30.321576],[-97.688725,30.321517],[-97.688888,30.321507],[-97.688982,30.321501],[-97.689084,30.321491],[-97.689207,30.32148],[-97.690098,30.321397],[-97.690791,30.321379],[-97.693017,30.321322],[-97.694155,30.32142],[-97.695026,30.321454],[-97.695175,30.32146],[-97.69532,30.321466],[-97.695388,30.321472],[-97.695486,30.32148],[-97.696464,30.32156],[-97.696646,30.321576],[-97.698304,30.321745],[-97.700954,30.322058],[-97.701745,30.322129],[-97.704687,30.322346],[-97.70565,30.322349],[-97.706001,30.322312],[-97.706165,30.322295],[-97.706262,30.32208],[-97.706521,30.322032],[-97.706637,30.322011],[-97.706621,30.322124],[-97.706602,30.322258],[-97.706591,30.322338],[-97.706586,30.322377],[-97.706563,30.322544],[-97.706556,30.322608],[-97.706551,30.322655],[-97.706539,30.322759],[-97.706533,30.322813],[-97.706398,30.323811],[-97.706248,30.324906],[-97.706213,30.325163],[-97.706132,30.325618],[-97.706054,30.326189],[-97.705984,30.326699],[-97.705955,30.326883],[-97.705818,30.327741],[-97.705787,30.327935],[-97.705565,30.328764],[-97.705351,30.32957],[-97.705217,30.330074],[-97.704726,30.331244],[-97.704648,30.33143],[-97.704366,30.33198],[-97.704215,30.332289],[-97.704116,30.332492],[-97.703988,30.332703],[-97.703266,30.333874],[-97.703151,30.334061],[-97.702757,30.3347],[-97.701953,30.335973],[-97.701872,30.336101],[-97.701065,30.33738],[-97.700952,30.337568],[-97.700383,30.33851],[-97.700159,30.338879],[-97.700145,30.338904],[-97.700087,30.338996],[-97.700065,30.339033],[-97.70016,30.33909],[-97.700194,30.339116],[-97.700259,30.339168],[-97.700221,30.339224],[-97.70016,30.339315],[-97.700054,30.339251],[-97.699958,30.339195],[-97.699625,30.338999],[-97.699512,30.338932],[-97.699422,30.338879],[-97.699395,30.338863],[-97.699005,30.338616],[-97.697076,30.337672],[-97.695464,30.33687]]]}},{"type":"Feature","properties":{"p":131},"geometry":{"type":"Polygon","coordinates":[[[-97.670575,30.335675],[-97.669408,30.335418],[-97.669148,30.335265],[-97.668954,30.335122],[-97.668786,30.334969],[-97.668648,30.334801],[-97.668515,30.334592],[-97.668393,30.334337],[-97.668332,30.334112],[-97.668226,30.333442],[-97.667956,30.33128],[-97.667914,30.331199],[-97.667773,30.330929],[-97.667282,30.329987],[-97.66695,30.329549],[-97.666797,30.32936],[-97.666635,30.329192],[-97.666451,30.329008],[-97.666264,30.328796],[-97.666158,30.328639],[-97.66606,30.328399],[-97.665976,30.32807],[-97.665929,30.327855],[-97.665877,30.327694],[-97.66705,30.327471],[-97.668694,30.327127],[-97.668898,30.327068],[-97.669557,30.32693],[-97.670255,30.326745],[-97.670785,30.326578],[-97.671717,30.326284],[-97.672779,30.325878],[-97.672925,30.325827],[-97.673228,30.32572],[-97.673759,30.326068],[-97.67392,30.326152],[-97.674101,30.32628],[-97.674169,30.326333],[-97.675278,30.327185],[-97.675958,30.327626],[-97.676855,30.328153],[-97.677517,30.328505],[-97.678352,30.328961],[-97.678892,30.329217],[-97.679034,30.329303],[-97.680138,30.329864],[-97.680626,30.330116],[-97.680757,30.330183],[-97.681339,30.330475],[-97.681992,30.330817],[-97.683803,30.331599],[-97.68443,30.331877],[-97.685682,30.332376],[-97.686199,30.332549],[-97.686255,30.332568],[-97.686345,30.332598],[-97.686384,30.332617],[-97.686222,30.332839],[-97.686638,30.33303],[-97.688184,30.333758],[-97.689689,30.334486],[-97.691072,30.335133],[-97.692233,30.335632],[-97.693178,30.336038],[-97.693271,30.335828],[-97.695464,30.33687],[-97.697076,30.337672],[-97.699005,30.338616],[-97.699395,30.338863],[-97.699422,30.338879],[-97.699512,30.338932],[-97.699625,30.338999],[-97.699958,30.339195],[-97.700054,30.339251],[-97.70016,30.339315],[-97.700142,30.339341],[-97.700081,30.339432],[-97.699968,30.339599],[-97.699449,30.340421],[-97.699235,30.340763],[-97.69894,30.341236],[-97.697739,30.343137],[-97.69719,30.344018],[-97.697159,30.344068],[-97.696888,30.344504],[-97.696806,30.344635],[-97.696274,30.345483],[-97.695249,30.34709],[-97.695074,30.347371],[-97.694901,30.34765],[-97.694896,30.347658],[-97.694557,30.348203],[-97.69393,30.349172],[-97.693602,30.349704],[-97.693362,30.350093],[-97.692562,30.35135],[-97.691775,30.352486],[-97.691201,30.353354],[-97.691118,30.353487],[-97.691076,30.353555],[-97.690437,30.354593],[-97.68972,30.355722],[-97.689122,30.356659],[-97.688973,30.356892],[-97.688609,30.357462],[-97.688288,30.357962],[-97.688206,30.358098],[-97.688152,30.358191],[-97.688109,30.358259],[-97.687942,30.358177],[-97.687539,30.35798],[-97.687474,30.357948],[-97.68741,30.35792],[-97.686565,30.357544],[-97.686467,30.3575],[-97.686402,30.357459],[-97.68439,30.356064],[-97.68431,30.356007],[-97.684247,30.355969],[-97.683875,30.355746],[-97.683809,30.355698],[-97.683755,30.355669],[-97.683369,30.355402],[-97.68299,30.35514],[-97.682938,30.355104],[-97.682885,30.355067],[-97.682807,30.355014],[-97.682736,30.354967],[-97.681551,30.354202],[-97.681446,30.354129],[-97.681366,30.354086],[-97.679033,30.352687],[-97.678943,30.352635],[-97.678877,30.352595],[-97.677564,30.351807],[-97.677366,30.351664],[-97.677301,30.351623],[-97.677226,30.351583],[-97.676572,30.351193],[-97.676473,30.351131],[-97.676055,30.350872],[-97.676005,30.350839],[-97.676025,30.350802],[-97.676055,30.350746],[-97.676093,30.350675],[-97.67631,30.350086],[-97.67708,30.347432],[-97.677163,30.347154],[-97.677233,30.346915],[-97.677519,30.345931],[-97.677549,30.345818],[-97.677586,30.34572],[-97.677954,30.344659],[-97.678308,30.344141],[-97.678389,30.344026],[-97.67834,30.343988],[-97.678309,30.343964],[-97.678291,30.343949],[-97.678226,30.343895],[-97.678062,30.343759],[-97.677834,30.343452],[-97.676823,30.340837],[-97.676654,30.339535],[-97.676469,30.338113],[-97.676421,30.33775],[-97.676381,30.337581],[-97.676321,30.337409],[-97.676248,30.337249],[-97.676159,30.337093],[-97.675989,30.336875],[-97.675795,30.336677],[-97.67563,30.336532],[-97.675416,30.3364],[-97.675047,30.336229],[-97.674671,30.336132],[-97.673486,30.335997],[-97.670575,30.335675]]]}},{"type":"Feature","properties":{"p":134},"geometry":{"type":"Polygon","coordinates":[[[-97.658593,30.372376],[-97.658646,30.37206],[-97.658693,30.371861],[-97.658702,30.371734],[-97.658696,30.371708],[-97.658709,30.371683],[-97.658723,30.371546],[-97.658805,30.371223],[-97.658914,30.370967],[-97.658985,30.370864],[-97.659058,30.370741],[-97.659115,30.370667],[-97.65916,30.370625],[-97.659277,30.37054],[-97.659333,30.370512],[-97.659485,30.37047],[-97.659578,30.370461],[-97.659649,30.370462],[-97.659968,30.370495],[-97.660208,30.370544],[-97.660416,30.370611],[-97.660505,30.370647],[-97.660703,30.37076],[-97.66077,30.370781],[-97.660842,30.370795],[-97.660985,30.370805],[-97.661204,30.370796],[-97.661262,30.370798],[-97.66134,30.3708],[-97.66163,30.370775],[-97.661771,30.370759],[-97.661806,30.370752],[-97.661835,30.370744],[-97.66203,30.370615],[-97.662134,30.370524],[-97.662164,30.370481],[-97.662189,30.370444],[-97.662338,30.370191],[-97.662361,30.370145],[-97.662532,30.369881],[-97.662604,30.369738],[-97.662666,30.369588],[-97.662752,30.369442],[-97.662941,30.36921],[-97.66302,30.369085],[-97.663198,30.368741],[-97.66328,30.368512],[-97.663293,30.368446],[-97.663285,30.368324],[-97.663272,30.36821],[-97.663225,30.368009],[-97.663124,30.367735],[-97.663091,30.367662],[-97.663015,30.367514],[-97.663004,30.367463],[-97.662973,30.367389],[-97.662932,30.367319],[-97.662876,30.367255],[-97.662815,30.367205],[-97.662665,30.367104],[-97.662604,30.367087],[-97.662552,30.367084],[-97.662503,30.367091],[-97.662451,30.367099],[-97.662341,30.367097],[-97.662268,30.367075],[-97.662234,30.367058],[-97.662183,30.367019],[-97.662086,30.366935],[-97.661969,30.366821],[-97.661783,30.366668],[-97.661554,30.366462],[-97.661432,30.366324],[-97.661312,30.366174],[-97.661149,30.365896],[-97.66109,30.365814],[-97.661048,30.365773],[-97.660925,30.36568],[-97.660846,30.365627],[-97.660753,30.365582],[-97.660647,30.365518],[-97.66044,30.365361],[-97.660142,30.365082],[-97.66004,30.364957],[-97.660018,30.36491],[-97.659985,30.364861],[-97.659881,30.364793],[-97.659835,30.364771],[-97.659731,30.364732],[-97.659502,30.364632],[-97.659315,30.364518],[-97.659107,30.364419],[-97.659027,30.364385],[-97.65898,30.364369],[-97.658856,30.364339],[-97.658744,30.36432],[-97.658623,30.364318],[-97.658254,30.364271],[-97.658158,30.364268],[-97.658009,30.364249],[-97.6579,30.364248],[-97.65774,30.36427],[-97.657615,30.364311],[-97.65756,30.364329],[-97.657468,30.364348],[-97.657327,30.364402],[-97.65728,30.364426],[-97.657192,30.364449],[-97.657005,30.364456],[-97.656829,30.364444],[-97.656584,30.364403],[-97.656532,30.364387],[-97.656476,30.364361],[-97.656444,30.364336],[-97.656388,30.364262],[-97.656362,30.364221],[-97.656243,30.363954],[-97.656215,30.363903],[-97.656166,30.363838],[-97.656029,30.363708],[-97.655974,30.363626],[-97.655942,30.363565],[-97.65592,30.363506],[-97.655913,30.363475],[-97.655914,30.363398],[-97.655943,30.363329],[-97.655959,30.363239],[-97.655961,30.363171],[-97.655952,30.363103],[-97.655853,30.362813],[-97.655841,30.362765],[-97.655836,30.362725],[-97.655853,30.36247],[-97.655852,30.362286],[-97.655858,30.362147],[-97.655874,30.362028],[-97.655964,30.361704],[-97.655992,30.361541],[-97.656075,30.361272],[-97.656087,30.361131],[-97.656085,30.36108],[-97.656074,30.361003],[-97.656046,30.360887],[-97.656028,30.360835],[-97.655941,30.360646],[-97.655912,30.360567],[-97.655896,30.360472],[-97.655893,30.360354],[-97.655906,30.360218],[-97.655921,30.360139],[-97.655973,30.359931],[-97.656003,30.359866],[-97.656103,30.359694],[-97.656117,30.359617],[-97.656119,30.359582],[-97.656111,30.359483],[-97.656089,30.359361],[-97.656063,30.359273],[-97.656025,30.359216],[-97.655987,30.359175],[-97.655959,30.359127],[-97.655931,30.359035],[-97.655912,30.358937],[-97.655879,30.358865],[-97.655836,30.358802],[-97.655746,30.35869],[-97.655665,30.358578],[-97.655563,30.358394],[-97.655372,30.35816],[-97.655348,30.358113],[-97.655279,30.357787],[-97.655245,30.357666],[-97.655201,30.357565],[-97.65517,30.357522],[-97.655062,30.357413],[-97.654937,30.3573],[-97.65491,30.357253],[-97.654897,30.357208],[-97.65486,30.356911],[-97.654851,30.35687],[-97.654823,30.356776],[-97.654728,30.35657],[-97.654634,30.356395],[-97.654563,30.356218],[-97.65453,30.356151],[-97.654476,30.356069],[-97.654312,30.355848],[-97.654269,30.355762],[-97.654242,30.35567],[-97.654227,30.355517],[-97.654218,30.355477],[-97.654169,30.355333],[-97.654104,30.355187],[-97.654084,30.355102],[-97.654081,30.355044],[-97.654097,30.354779],[-97.654066,30.354678],[-97.653903,30.354344],[-97.653877,30.354291],[-97.653867,30.354258],[-97.653858,30.354181],[-97.65386,30.35414],[-97.653636,30.353774],[-97.653489,30.353536],[-97.653253,30.353131],[-97.653197,30.35304],[-97.653099,30.353084],[-97.651905,30.353618],[-97.651719,30.353685],[-97.651565,30.353728],[-97.651365,30.353766],[-97.651195,30.35378],[-97.65102,30.353788],[-97.650758,30.353762],[-97.650679,30.353743],[-97.650596,30.353723],[-97.65045,30.353674],[-97.650294,30.353607],[-97.649514,30.353235],[-97.647641,30.352328],[-97.647564,30.352291],[-97.647172,30.352096],[-97.646427,30.352243],[-97.646074,30.352332],[-97.645344,30.352508],[-97.645319,30.352512],[-97.644651,30.352628],[-97.644583,30.352637],[-97.64265,30.352884],[-97.64125,30.353061],[-97.641012,30.353077],[-97.640786,30.353066],[-97.640521,30.353034],[-97.640127,30.352948],[-97.639744,30.35284],[-97.639496,30.352775],[-97.639323,30.352743],[-97.639226,30.352737],[-97.639151,30.352748],[-97.639053,30.35277],[-97.638959,30.352714],[-97.638827,30.352663],[-97.633803,30.351242],[-97.631072,30.350527],[-97.630893,30.35046],[-97.630721,30.350355],[-97.630658,30.350298],[-97.630579,30.350228],[-97.630474,30.350094],[-97.6304,30.350012],[-97.630288,30.349929],[-97.630116,30.34984],[-97.623584,30.346804],[-97.623127,30.346592],[-97.623085,30.346572],[-97.620659,30.345438],[-97.617465,30.343945],[-97.616608,30.343545],[-97.616738,30.343327],[-97.617068,30.342813],[-97.621184,30.336418],[-97.621633,30.335721],[-97.621902,30.335304],[-97.622576,30.334255],[-97.622619,30.334188],[-97.622783,30.33393],[-97.622903,30.333741],[-97.623095,30.333439],[-97.623776,30.332367],[-97.62397,30.332075],[-97.624176,30.331765],[-97.624299,30.33115],[-97.624218,30.331154],[-97.624123,30.331132],[-97.624058,30.331122],[-97.623765,30.331122],[-97.62372,30.331117],[-97.62368,30.331102],[-97.623644,30.331067],[-97.623619,30.331031],[-97.623609,30.330956],[-97.623604,30.330906],[-97.623673,30.330901],[-97.624492,30.330839],[-97.625377,30.330772],[-97.627946,30.330581],[-97.629442,30.330471],[-97.638081,30.329891],[-97.638792,30.329848],[-97.641352,30.329696],[-97.641606,30.329681],[-97.641931,30.329662],[-97.643998,30.329539],[-97.644302,30.329504],[-97.644418,30.329493],[-97.646836,30.329264],[-97.647293,30.329239],[-97.647808,30.329209],[-97.648172,30.329186],[-97.64991,30.329065],[-97.650582,30.329018],[-97.651753,30.32894],[-97.653633,30.328826],[-97.654536,30.328752],[-97.654771,30.328733],[-97.654874,30.328725],[-97.659394,30.328426],[-97.661714,30.328254],[-97.662709,30.328156],[-97.664283,30.327965],[-97.665877,30.327694],[-97.665929,30.327855],[-97.665976,30.32807],[-97.66606,30.328399],[-97.666158,30.328639],[-97.666264,30.328796],[-97.666451,30.329008],[-97.666635,30.329192],[-97.666797,30.32936],[-97.66695,30.329549],[-97.667282,30.329987],[-97.667773,30.330929],[-97.667914,30.331199],[-97.667956,30.33128],[-97.668226,30.333442],[-97.668332,30.334112],[-97.668393,30.334337],[-97.668515,30.334592],[-97.668648,30.334801],[-97.668786,30.334969],[-97.668954,30.335122],[-97.669148,30.335265],[-97.669408,30.335418],[-97.670575,30.335675],[-97.673486,30.335997],[-97.674671,30.336132],[-97.675047,30.336229],[-97.675416,30.3364],[-97.67563,30.336532],[-97.675795,30.336677],[-97.675989,30.336875],[-97.676159,30.337093],[-97.676248,30.337249],[-97.676321,30.337409],[-97.676381,30.337581],[-97.676421,30.33775],[-97.676469,30.338113],[-97.676654,30.339535],[-97.676823,30.340837],[-97.677834,30.343452],[-97.678062,30.343759],[-97.678226,30.343895],[-97.678291,30.343949],[-97.678309,30.343964],[-97.67834,30.343988],[-97.678389,30.344026],[-97.678308,30.344141],[-97.677954,30.344659],[-97.677586,30.34572],[-97.677549,30.345818],[-97.677519,30.345931],[-97.677233,30.346915],[-97.677163,30.347154],[-97.67708,30.347432],[-97.67631,30.350086],[-97.676093,30.350675],[-97.676055,30.350746],[-97.676025,30.350802],[-97.676005,30.350839],[-97.675967,30.350912],[-97.675202,30.352228],[-97.675153,30.352302],[-97.675117,30.352348],[-97.675095,30.352383],[-97.675033,30.352481],[-97.674955,30.352604],[-97.674477,30.353364],[-97.67443,30.353438],[-97.674376,30.353524],[-97.673673,30.354602],[-97.673469,30.354924],[-97.67227,30.356723],[-97.672237,30.356766],[-97.672205,30.35682],[-97.670964,30.358768],[-97.670915,30.358837],[-97.670869,30.358912],[-97.669007,30.361766],[-97.668741,30.362258],[-97.668624,30.362473],[-97.668518,30.362912],[-97.66854,30.3633],[-97.668587,30.363779],[-97.668647,30.364166],[-97.668716,30.364492],[-97.668753,30.364788],[-97.668861,30.367002],[-97.668869,30.367422],[-97.668839,30.367625],[-97.668793,30.367825],[-97.668717,30.368033],[-97.668631,30.368248],[-97.668615,30.368276],[-97.66811,30.369144],[-97.667616,30.369882],[-97.667535,30.370013],[-97.66765,30.370076],[-97.667027,30.371267],[-97.667537,30.371497],[-97.667466,30.371615],[-97.666699,30.372895],[-97.665823,30.372461],[-97.665668,30.37259],[-97.6655,30.372705],[-97.66533,30.372806],[-97.66513,30.372906],[-97.664999,30.372962],[-97.663655,30.373614],[-97.661258,30.37477],[-97.661095,30.374857],[-97.660999,30.374918],[-97.660895,30.374992],[-97.66068,30.375159],[-97.660546,30.375275],[-97.660185,30.375524],[-97.659895,30.375829],[-97.659434,30.376389],[-97.659128,30.376855],[-97.658791,30.377273],[-97.658674,30.37718],[-97.658743,30.377086],[-97.658886,30.376893],[-97.658921,30.376851],[-97.659004,30.376753],[-97.659049,30.376665],[-97.659073,30.376632],[-97.659821,30.375629],[-97.660173,30.375284],[-97.660433,30.37514],[-97.660382,30.375078],[-97.660333,30.375029],[-97.660282,30.374987],[-97.660235,30.374958],[-97.660079,30.374879],[-97.66,30.37483],[-97.659632,30.374648],[-97.659476,30.374556],[-97.659436,30.374526],[-97.659345,30.374443],[-97.659319,30.374416],[-97.659196,30.374293],[-97.659114,30.374227],[-97.659009,30.374161],[-97.658862,30.374091],[-97.658732,30.374059],[-97.658658,30.374026],[-97.658627,30.373997],[-97.658593,30.3739],[-97.658566,30.373785],[-97.65854,30.373619],[-97.658562,30.372726],[-97.658593,30.372376]]]}},{"type":"Feature","properties":{"p":135},"geometry":{"type":"Polygon","coordinates":[[[-97.670016,30.372131],[-97.668579,30.371497],[-97.667627,30.373293],[-97.666699,30.372895],[-97.667466,30.371615],[-97.667537,30.371497],[-97.667027,30.371267],[-97.66765,30.370076],[-97.667535,30.370013],[-97.667616,30.369882],[-97.66811,30.369144],[-97.668615,30.368276],[-97.668631,30.368248],[-97.668717,30.368033],[-97.668793,30.367825],[-97.668839,30.367625],[-97.668869,30.367422],[-97.668861,30.367002],[-97.668753,30.364788],[-97.668716,30.364492],[-97.668647,30.364166],[-97.668587,30.363779],[-97.66854,30.3633],[-97.668518,30.362912],[-97.668624,30.362473],[-97.668741,30.362258],[-97.669458,30.36244],[-97.669262,30.362943],[-97.669587,30.362957],[-97.670145,30.36301],[-97.670783,30.36301],[-97.671115,30.363072],[-97.671625,30.363328],[-97.67166,30.363274],[-97.672005,30.362744],[-97.672105,30.362291],[-97.672109,30.362273],[-97.672101,30.362252],[-97.672102,30.362214],[-97.67213,30.362161],[-97.672417,30.362183],[-97.672626,30.362199],[-97.67308,30.36225],[-97.673101,30.362252],[-97.673157,30.362267],[-97.673232,30.362262],[-97.673308,30.362262],[-97.673341,30.362274],[-97.673381,30.36231],[-97.673436,30.362327],[-97.673526,30.362398],[-97.673604,30.362441],[-97.673669,30.362459],[-97.673714,30.362476],[-97.673856,30.362516],[-97.673951,30.362533],[-97.673988,30.362543],[-97.674047,30.362568],[-97.674149,30.362638],[-97.674182,30.362648],[-97.67423,30.362652],[-97.6744,30.362859],[-97.67446,30.362925],[-97.674531,30.362971],[-97.674639,30.363023],[-97.674745,30.363061],[-97.674773,30.363075],[-97.674825,30.363119],[-97.67489,30.363206],[-97.675352,30.362658],[-97.675678,30.3628],[-97.67895,30.364249],[-97.681839,30.365564],[-97.681885,30.365406],[-97.682821,30.365875],[-97.683029,30.36598],[-97.683225,30.366078],[-97.682833,30.366705],[-97.682318,30.367476],[-97.681512,30.36868],[-97.681335,30.368955],[-97.681153,30.369234],[-97.680712,30.369949],[-97.680806,30.370037],[-97.680913,30.370137],[-97.679186,30.372875],[-97.678303,30.374269],[-97.677554,30.375451],[-97.677472,30.37558],[-97.677391,30.37571],[-97.677313,30.375833],[-97.676482,30.377125],[-97.676155,30.377057],[-97.675946,30.377009],[-97.67589,30.376997],[-97.675583,30.376949],[-97.67399,30.37616],[-97.673309,30.375828],[-97.672911,30.375634],[-97.672535,30.375426],[-97.672129,30.375214],[-97.671891,30.37509],[-97.67142,30.374862],[-97.671087,30.3747],[-97.669836,30.374157],[-97.669013,30.373768],[-97.670016,30.372131]]]}},{"type":"Feature","properties":{"p":137},"geometry":{"type":"Polygon","coordinates":[[[-97.672519,30.388376],[-97.672373,30.38838],[-97.672362,30.388424],[-97.671613,30.39173],[-97.671503,30.392853],[-97.671455,30.393344],[-97.671533,30.394341],[-97.671587,30.39476],[-97.671712,30.395352],[-97.671854,30.395783],[-97.67231,30.397168],[-97.672591,30.397691],[-97.673024,30.398539],[-97.673264,30.399027],[-97.673272,30.399044],[-97.673311,30.399123],[-97.673325,30.399153],[-97.673391,30.399287],[-97.673236,30.399285],[-97.673111,30.399277],[-97.673016,30.399271],[-97.672896,30.399356],[-97.670872,30.399245],[-97.669297,30.399173],[-97.669017,30.39918],[-97.668855,30.399062],[-97.668831,30.397595],[-97.668245,30.396734],[-97.66755,30.39639],[-97.666469,30.395861],[-97.665369,30.395322],[-97.66514,30.39521],[-97.664903,30.395047],[-97.664158,30.394535],[-97.663499,30.394008],[-97.662614,30.3933],[-97.662103,30.392891],[-97.660271,30.391412],[-97.659046,30.390825],[-97.658414,30.390513],[-97.657781,30.390202],[-97.657098,30.389866],[-97.656335,30.389492],[-97.655556,30.38911],[-97.654793,30.388687],[-97.654403,30.388503],[-97.65334,30.388004],[-97.652278,30.387504],[-97.651989,30.38757],[-97.651644,30.387678],[-97.651306,30.387828],[-97.651072,30.388013],[-97.650916,30.388205],[-97.648687,30.386914],[-97.648714,30.386876],[-97.648871,30.386531],[-97.649381,30.385362],[-97.649464,30.385194],[-97.649551,30.385047],[-97.65005,30.383924],[-97.650678,30.383069],[-97.651523,30.382124],[-97.651838,30.381808],[-97.652168,30.381499],[-97.652493,30.381142],[-97.653041,30.380558],[-97.653618,30.379965],[-97.653988,30.379588],[-97.6543,30.379356],[-97.654785,30.379099],[-97.654913,30.379037],[-97.655134,30.378957],[-97.655361,30.378877],[-97.65627,30.378562],[-97.657507,30.378144],[-97.657984,30.377931],[-97.658204,30.377786],[-97.658321,30.377701],[-97.658521,30.377537],[-97.658706,30.37736],[-97.658791,30.377273],[-97.659128,30.376855],[-97.659434,30.376389],[-97.659895,30.375829],[-97.660185,30.375524],[-97.660546,30.375275],[-97.66068,30.375159],[-97.660895,30.374992],[-97.660999,30.374918],[-97.661095,30.374857],[-97.661258,30.37477],[-97.663655,30.373614],[-97.664999,30.372962],[-97.66513,30.372906],[-97.66533,30.372806],[-97.6655,30.372705],[-97.665668,30.37259],[-97.665823,30.372461],[-97.666699,30.372895],[-97.667627,30.373293],[-97.668579,30.371497],[-97.670016,30.372131],[-97.669013,30.373768],[-97.669836,30.374157],[-97.671087,30.3747],[-97.67142,30.374862],[-97.671891,30.37509],[-97.672129,30.375214],[-97.672535,30.375426],[-97.672911,30.375634],[-97.673309,30.375828],[-97.67399,30.37616],[-97.675583,30.376949],[-97.67589,30.376997],[-97.675946,30.377009],[-97.676155,30.377057],[-97.676482,30.377125],[-97.675799,30.378332],[-97.675061,30.379804],[-97.674355,30.381894],[-97.674256,30.382266],[-97.674154,30.382775],[-97.67382,30.383965],[-97.673648,30.384863],[-97.673076,30.387206],[-97.672871,30.388423],[-97.672814,30.388414],[-97.672565,30.388382],[-97.672519,30.388376]]]}},{"type":"Feature","properties":{"p":138},"geometry":{"type":"Polygon","coordinates":[[[-97.621913,30.370477],[-97.622767,30.369356],[-97.622846,30.369256],[-97.623028,30.369027],[-97.623239,30.368761],[-97.623722,30.368176],[-97.623982,30.36786],[-97.624019,30.367817],[-97.6241,30.367723],[-97.624214,30.36759],[-97.624362,30.367385],[-97.624715,30.366958],[-97.624867,30.366773],[-97.625,30.366622],[-97.625176,30.36642],[-97.625621,30.365912],[-97.625638,30.365893],[-97.625762,30.365759],[-97.625935,30.36557],[-97.625964,30.365538],[-97.626123,30.365336],[-97.626173,30.365273],[-97.626289,30.365126],[-97.626296,30.365119],[-97.626316,30.3651],[-97.626479,30.364943],[-97.626525,30.3649],[-97.626587,30.36484],[-97.626686,30.364745],[-97.626724,30.364709],[-97.627,30.364415],[-97.627126,30.364283],[-97.627185,30.36422],[-97.627214,30.364193],[-97.627749,30.363693],[-97.628333,30.363118],[-97.628352,30.363099],[-97.628511,30.362909],[-97.628032,30.362849],[-97.62737,30.362888],[-97.626093,30.36348],[-97.62469,30.36425],[-97.624067,30.364518],[-97.621277,30.364992],[-97.621186,30.365006],[-97.621097,30.364912],[-97.618821,30.362702],[-97.618663,30.36204],[-97.619867,30.360138],[-97.621014,30.35836],[-97.621263,30.357976],[-97.621288,30.357935],[-97.621378,30.357794],[-97.621419,30.357731],[-97.62145,30.357681],[-97.622874,30.355445],[-97.620207,30.354186],[-97.619108,30.353668],[-97.620791,30.351087],[-97.622385,30.348643],[-97.623584,30.346804],[-97.630116,30.34984],[-97.630288,30.349929],[-97.6304,30.350012],[-97.630474,30.350094],[-97.630579,30.350228],[-97.630658,30.350298],[-97.630721,30.350355],[-97.630893,30.35046],[-97.631072,30.350527],[-97.633803,30.351242],[-97.638827,30.352663],[-97.638959,30.352714],[-97.639053,30.35277],[-97.639151,30.352748],[-97.639226,30.352737],[-97.639323,30.352743],[-97.639496,30.352775],[-97.639744,30.35284],[-97.640127,30.352948],[-97.640521,30.353034],[-97.640786,30.353066],[-97.641012,30.353077],[-97.64125,30.353061],[-97.64265,30.352884],[-97.644583,30.352637],[-97.644651,30.352628],[-97.645319,30.352512],[-97.645344,30.352508],[-97.646074,30.352332],[-97.646427,30.352243],[-97.647172,30.352096],[-97.647564,30.352291],[-97.647641,30.352328],[-97.649514,30.353235],[-97.650294,30.353607],[-97.65045,30.353674],[-97.650596,30.353723],[-97.650679,30.353743],[-97.650758,30.353762],[-97.65102,30.353788],[-97.651195,30.35378],[-97.651365,30.353766],[-97.651565,30.353728],[-97.651719,30.353685],[-97.651905,30.353618],[-97.653099,30.353084],[-97.653197,30.35304],[-97.653253,30.353131],[-97.653489,30.353536],[-97.653636,30.353774],[-97.65386,30.35414],[-97.653858,30.354181],[-97.653867,30.354258],[-97.653877,30.354291],[-97.653903,30.354344],[-97.654066,30.354678],[-97.654097,30.354779],[-97.654081,30.355044],[-97.654084,30.355102],[-97.654104,30.355187],[-97.654169,30.355333],[-97.654218,30.355477],[-97.654227,30.355517],[-97.654242,30.35567],[-97.654269,30.355762],[-97.654312,30.355848],[-97.654476,30.356069],[-97.65453,30.356151],[-97.654563,30.356218],[-97.654634,30.356395],[-97.654728,30.35657],[-97.654823,30.356776],[-97.654851,30.35687],[-97.65486,30.356911],[-97.654897,30.357208],[-97.65491,30.357253],[-97.654937,30.3573],[-97.655062,30.357413],[-97.65517,30.357522],[-97.655201,30.357565],[-97.655245,30.357666],[-97.655279,30.357787],[-97.655348,30.358113],[-97.655372,30.35816],[-97.655563,30.358394],[-97.655665,30.358578],[-97.655746,30.35869],[-97.655836,30.358802],[-97.655879,30.358865],[-97.655912,30.358937],[-97.655931,30.359035],[-97.655959,30.359127],[-97.655987,30.359175],[-97.656025,30.359216],[-97.656063,30.359273],[-97.656089,30.359361],[-97.656111,30.359483],[-97.656119,30.359582],[-97.656117,30.359617],[-97.656103,30.359694],[-97.656003,30.359866],[-97.655973,30.359931],[-97.655921,30.360139],[-97.655906,30.360218],[-97.655893,30.360354],[-97.655896,30.360472],[-97.655912,30.360567],[-97.655941,30.360646],[-97.656028,30.360835],[-97.656046,30.360887],[-97.656074,30.361003],[-97.656085,30.36108],[-97.656087,30.361131],[-97.656075,30.361272],[-97.655992,30.361541],[-97.655964,30.361704],[-97.655874,30.362028],[-97.655858,30.362147],[-97.655852,30.362286],[-97.655853,30.36247],[-97.655836,30.362725],[-97.655841,30.362765],[-97.655853,30.362813],[-97.655952,30.363103],[-97.655961,30.363171],[-97.655959,30.363239],[-97.655943,30.363329],[-97.655914,30.363398],[-97.655913,30.363475],[-97.65592,30.363506],[-97.655942,30.363565],[-97.655974,30.363626],[-97.656029,30.363708],[-97.656166,30.363838],[-97.656215,30.363903],[-97.656243,30.363954],[-97.656362,30.364221],[-97.656388,30.364262],[-97.656444,30.364336],[-97.656476,30.364361],[-97.656532,30.364387],[-97.656584,30.364403],[-97.656829,30.364444],[-97.657005,30.364456],[-97.657192,30.364449],[-97.65728,30.364426],[-97.657327,30.364402],[-97.657468,30.364348],[-97.65756,30.364329],[-97.657615,30.364311],[-97.65774,30.36427],[-97.6579,30.364248],[-97.658009,30.364249],[-97.658158,30.364268],[-97.658254,30.364271],[-97.658623,30.364318],[-97.658744,30.36432],[-97.658856,30.364339],[-97.65898,30.364369],[-97.659027,30.364385],[-97.659107,30.364419],[-97.659315,30.364518],[-97.659502,30.364632],[-97.659731,30.364732],[-97.659835,30.364771],[-97.659881,30.364793],[-97.659985,30.364861],[-97.660018,30.36491],[-97.66004,30.364957],[-97.660142,30.365082],[-97.66044,30.365361],[-97.660647,30.365518],[-97.660753,30.365582],[-97.660846,30.365627],[-97.660925,30.36568],[-97.661048,30.365773],[-97.66109,30.365814],[-97.661149,30.365896],[-97.661312,30.366174],[-97.661432,30.366324],[-97.661554,30.366462],[-97.661783,30.366668],[-97.661969,30.366821],[-97.662086,30.366935],[-97.662183,30.367019],[-97.662234,30.367058],[-97.662268,30.367075],[-97.662341,30.367097],[-97.662451,30.367099],[-97.662503,30.367091],[-97.662552,30.367084],[-97.662604,30.367087],[-97.662665,30.367104],[-97.662815,30.367205],[-97.662876,30.367255],[-97.662932,30.367319],[-97.662973,30.367389],[-97.663004,30.367463],[-97.663015,30.367514],[-97.663091,30.367662],[-97.663124,30.367735],[-97.663225,30.368009],[-97.663272,30.36821],[-97.663285,30.368324],[-97.663293,30.368446],[-97.66328,30.368512],[-97.663198,30.368741],[-97.66302,30.369085],[-97.662941,30.36921],[-97.662752,30.369442],[-97.662666,30.369588],[-97.662604,30.369738],[-97.662532,30.369881],[-97.662361,30.370145],[-97.662338,30.370191],[-97.662189,30.370444],[-97.662164,30.370481],[-97.662134,30.370524],[-97.66203,30.370615],[-97.661835,30.370744],[-97.661806,30.370752],[-97.661771,30.370759],[-97.66163,30.370775],[-97.66134,30.3708],[-97.661262,30.370798],[-97.661204,30.370796],[-97.660985,30.370805],[-97.660842,30.370795],[-97.66077,30.370781],[-97.660703,30.37076],[-97.660505,30.370647],[-97.660416,30.370611],[-97.660208,30.370544],[-97.659968,30.370495],[-97.659649,30.370462],[-97.659578,30.370461],[-97.659485,30.37047],[-97.659333,30.370512],[-97.659277,30.37054],[-97.65916,30.370625],[-97.659115,30.370667],[-97.659058,30.370741],[-97.658985,30.370864],[-97.658914,30.370967],[-97.658805,30.371223],[-97.658723,30.371546],[-97.658709,30.371683],[-97.658696,30.371708],[-97.658702,30.371734],[-97.658693,30.371861],[-97.658646,30.37206],[-97.658593,30.372376],[-97.658562,30.372726],[-97.65854,30.373619],[-97.658566,30.373785],[-97.658593,30.3739],[-97.658627,30.373997],[-97.658658,30.374026],[-97.658732,30.374059],[-97.658862,30.374091],[-97.659009,30.374161],[-97.659114,30.374227],[-97.659196,30.374293],[-97.659319,30.374416],[-97.659345,30.374443],[-97.659436,30.374526],[-97.659476,30.374556],[-97.659632,30.374648],[-97.66,30.37483],[-97.660079,30.374879],[-97.660235,30.374958],[-97.660282,30.374987],[-97.660333,30.375029],[-97.660382,30.375078],[-97.660433,30.37514],[-97.660173,30.375284],[-97.659821,30.375629],[-97.659073,30.376632],[-97.659049,30.376665],[-97.659004,30.376753],[-97.658921,30.376851],[-97.658886,30.376893],[-97.658743,30.377086],[-97.658674,30.37718],[-97.658791,30.377273],[-97.658706,30.37736],[-97.658521,30.377537],[-97.658321,30.377701],[-97.658204,30.377786],[-97.657984,30.377931],[-97.657507,30.378144],[-97.65627,30.378562],[-97.655361,30.378877],[-97.655134,30.378957],[-97.654913,30.379037],[-97.654785,30.379099],[-97.6543,30.379356],[-97.653988,30.379588],[-97.653618,30.379965],[-97.653041,30.380558],[-97.652493,30.381142],[-97.652168,30.381499],[-97.651838,30.381808],[-97.651523,30.382124],[-97.650678,30.383069],[-97.65005,30.383924],[-97.649551,30.385047],[-97.649464,30.385194],[-97.649381,30.385362],[-97.648871,30.386531],[-97.648714,30.386876],[-97.648687,30.386914],[-97.648526,30.38685],[-97.648224,30.386706],[-97.648135,30.386644],[-97.647286,30.386173],[-97.646793,30.385926],[-97.646353,30.385644],[-97.645857,30.385279],[-97.645548,30.385045],[-97.645365,30.384914],[-97.644975,30.384597],[-97.644896,30.384517],[-97.644125,30.383934],[-97.642693,30.382784],[-97.641463,30.381796],[-97.64138,30.381729],[-97.639599,30.380289],[-97.638903,30.37973],[-97.638773,30.379631],[-97.638517,30.379453],[-97.638265,30.379287],[-97.637711,30.379003],[-97.634186,30.377135],[-97.632005,30.37598],[-97.631802,30.375894],[-97.631643,30.375791],[-97.629562,30.374686],[-97.628681,30.374219],[-97.628656,30.374206],[-97.62683,30.373246],[-97.625467,30.372529],[-97.625184,30.372375],[-97.625013,30.372302],[-97.621809,30.370615],[-97.621913,30.370477]]]}},{"type":"Feature","properties":{"p":140},"geometry":{"type":"Polygon","coordinates":[[[-97.609372,30.376642],[-97.611765,30.372958],[-97.611957,30.372657],[-97.612308,30.372112],[-97.612444,30.371606],[-97.612777,30.370372],[-97.613055,30.369362],[-97.613137,30.368995],[-97.613229,30.368635],[-97.614052,30.368806],[-97.614243,30.368844],[-97.614379,30.368877],[-97.61464,30.36894],[-97.616789,30.369357],[-97.617653,30.369525],[-97.61896,30.36983],[-97.619853,30.370075],[-97.620779,30.370418],[-97.621164,30.370591],[-97.621506,30.370745],[-97.621653,30.37082],[-97.621178,30.371435],[-97.618272,30.375194],[-97.617779,30.375832],[-97.61683,30.375386],[-97.616003,30.375],[-97.615201,30.374626],[-97.614448,30.374285],[-97.614431,30.374304],[-97.61419,30.374668],[-97.614183,30.374678],[-97.614156,30.374719],[-97.6143,30.375416],[-97.61436,30.375561],[-97.614418,30.375698],[-97.613558,30.377022],[-97.610923,30.375804],[-97.609268,30.378379],[-97.609178,30.378526],[-97.609139,30.378587],[-97.608521,30.379545],[-97.607983,30.380387],[-97.607768,30.380724],[-97.607569,30.381037],[-97.607084,30.381766],[-97.607053,30.381823],[-97.606765,30.381673],[-97.606329,30.381445],[-97.606147,30.381326],[-97.606391,30.381044],[-97.606805,30.380564],[-97.607013,30.380234],[-97.607196,30.379974],[-97.607492,30.379546],[-97.608017,30.378726],[-97.608402,30.378144],[-97.608485,30.378006],[-97.609292,30.376666],[-97.609372,30.376642]]]}},{"type":"Feature","properties":{"p":141},"geometry":{"type":"Polygon","coordinates":[[[-97.57909,30.393852],[-97.578831,30.392943],[-97.578552,30.391273],[-97.578348,30.389677],[-97.57846,30.387432],[-97.578719,30.385706],[-97.579152,30.383812],[-97.579671,30.382304],[-97.579993,30.381439],[-97.580833,30.379067],[-97.581376,30.37736],[-97.582168,30.374321],[-97.582635,30.371959],[-97.58313,30.369705],[-97.583726,30.366481],[-97.583807,30.366077],[-97.583898,30.365646],[-97.58412,30.36488],[-97.584417,30.364113],[-97.584738,30.363372],[-97.586046,30.361282],[-97.586818,30.360214],[-97.587475,30.359176],[-97.589393,30.356105],[-97.59132,30.353234],[-97.591805,30.352463],[-97.591971,30.352227],[-97.592677,30.351071],[-97.593018,30.350524],[-97.593275,30.349882],[-97.593477,30.349058],[-97.593641,30.348343],[-97.593641,30.347372],[-97.593513,30.346291],[-97.593318,30.345656],[-97.593161,30.345179],[-97.592899,30.344604],[-97.592761,30.344343],[-97.592223,30.343324],[-97.591024,30.341001],[-97.590886,30.34073],[-97.591383,30.340537],[-97.59174,30.340411],[-97.593518,30.339732],[-97.597514,30.338205],[-97.599391,30.337504],[-97.599466,30.337467],[-97.599793,30.33734],[-97.601787,30.336584],[-97.602393,30.33635],[-97.603546,30.335918],[-97.604406,30.335608],[-97.605168,30.335369],[-97.605193,30.335363],[-97.607255,30.334843],[-97.607431,30.334799],[-97.607639,30.334745],[-97.607789,30.334704],[-97.608452,30.334523],[-97.609017,30.334364],[-97.60933,30.334277],[-97.610647,30.333907],[-97.614006,30.333004],[-97.615686,30.332556],[-97.61728,30.332128],[-97.618498,30.33181],[-97.61952,30.331541],[-97.620541,30.331304],[-97.62144,30.331146],[-97.622609,30.330996],[-97.623093,30.330708],[-97.623162,30.330667],[-97.623274,30.330654],[-97.623218,30.330933],[-97.623386,30.330921],[-97.623604,30.330906],[-97.623609,30.330956],[-97.623619,30.331031],[-97.623644,30.331067],[-97.62368,30.331102],[-97.62372,30.331117],[-97.623765,30.331122],[-97.624058,30.331122],[-97.624123,30.331132],[-97.624218,30.331154],[-97.624299,30.33115],[-97.624176,30.331765],[-97.62397,30.332075],[-97.623776,30.332367],[-97.623095,30.333439],[-97.622903,30.333741],[-97.622783,30.33393],[-97.622619,30.334188],[-97.622576,30.334255],[-97.621902,30.335304],[-97.621633,30.335721],[-97.621184,30.336418],[-97.617068,30.342813],[-97.616738,30.343327],[-97.616608,30.343545],[-97.617465,30.343945],[-97.620659,30.345438],[-97.623085,30.346572],[-97.623127,30.346592],[-97.623584,30.346804],[-97.622385,30.348643],[-97.620791,30.351087],[-97.619108,30.353668],[-97.620207,30.354186],[-97.622874,30.355445],[-97.62145,30.357681],[-97.621419,30.357731],[-97.621378,30.357794],[-97.621288,30.357935],[-97.621263,30.357976],[-97.621014,30.35836],[-97.619867,30.360138],[-97.618663,30.36204],[-97.618821,30.362702],[-97.621097,30.364912],[-97.621186,30.365006],[-97.621277,30.364992],[-97.624067,30.364518],[-97.62469,30.36425],[-97.626093,30.36348],[-97.62737,30.362888],[-97.628032,30.362849],[-97.628511,30.362909],[-97.628352,30.363099],[-97.628333,30.363118],[-97.627749,30.363693],[-97.627214,30.364193],[-97.627185,30.36422],[-97.627126,30.364283],[-97.627,30.364415],[-97.626724,30.364709],[-97.626686,30.364745],[-97.626587,30.36484],[-97.626525,30.3649],[-97.626479,30.364943],[-97.626316,30.3651],[-97.626296,30.365119],[-97.626289,30.365126],[-97.626173,30.365273],[-97.626123,30.365336],[-97.625964,30.365538],[-97.625935,30.36557],[-97.625762,30.365759],[-97.625638,30.365893],[-97.625621,30.365912],[-97.625176,30.36642],[-97.625,30.366622],[-97.624867,30.366773],[-97.624715,30.366958],[-97.624362,30.367385],[-97.624214,30.36759],[-97.6241,30.367723],[-97.624019,30.367817],[-97.623982,30.36786],[-97.623722,30.368176],[-97.623239,30.368761],[-97.623028,30.369027],[-97.622846,30.369256],[-97.622767,30.369356],[-97.621913,30.370477],[-97.621809,30.370615],[-97.621653,30.37082],[-97.621506,30.370745],[-97.621164,30.370591],[-97.620779,30.370418],[-97.619853,30.370075],[-97.61896,30.36983],[-97.617653,30.369525],[-97.616789,30.369357],[-97.61464,30.36894],[-97.614379,30.368877],[-97.614243,30.368844],[-97.614052,30.368806],[-97.613229,30.368635],[-97.613137,30.368995],[-97.613055,30.369362],[-97.612777,30.370372],[-97.612444,30.371606],[-97.612308,30.372112],[-97.611957,30.372657],[-97.611765,30.372958],[-97.609372,30.376642],[-97.609292,30.376666],[-97.608485,30.378006],[-97.608402,30.378144],[-97.608017,30.378726],[-97.607492,30.379546],[-97.607196,30.379974],[-97.607013,30.380234],[-97.606805,30.380564],[-97.606391,30.381044],[-97.606147,30.381326],[-97.605952,30.381494],[-97.605636,30.381739],[-97.605397,30.381902],[-97.605084,30.38207],[-97.604768,30.38221],[-97.604389,30.382375],[-97.604024,30.382528],[-97.60367,30.382704],[-97.603092,30.382959],[-97.602858,30.383071],[-97.602631,30.383201],[-97.60243,30.383341],[-97.602109,30.383614],[-97.601953,30.38375],[-97.601763,30.383957],[-97.601594,30.384193],[-97.601361,30.384569],[-97.601171,30.384928],[-97.59994,30.38714],[-97.595868,30.393596],[-97.59465,30.395454],[-97.594294,30.395991],[-97.594075,30.396231],[-97.593761,30.396471],[-97.593501,30.396573],[-97.593313,30.396621],[-97.593137,30.396661],[-97.592995,30.396681],[-97.592809,30.396682],[-97.592643,30.396673],[-97.592488,30.39665],[-97.592275,30.396609],[-97.59202,30.396499],[-97.591567,30.396285],[-97.591819,30.396152],[-97.591836,30.396141],[-97.591852,30.396129],[-97.591867,30.396116],[-97.59188,30.396101],[-97.591892,30.396085],[-97.591902,30.396067],[-97.59191,30.396049],[-97.591917,30.39603],[-97.591922,30.396011],[-97.591924,30.395991],[-97.591925,30.395971],[-97.591923,30.395951],[-97.59192,30.395931],[-97.591914,30.395911],[-97.591907,30.395893],[-97.591898,30.395875],[-97.591887,30.395858],[-97.591874,30.395842],[-97.590978,30.394829],[-97.599612,30.378078],[-97.600114,30.378314],[-97.600114,30.378314],[-97.600335,30.378418],[-97.600889,30.378683],[-97.601119,30.378794],[-97.60112,30.378794],[-97.602071,30.379249],[-97.602087,30.379256],[-97.602955,30.379583],[-97.603104,30.379643],[-97.603117,30.379648],[-97.603415,30.379744],[-97.603433,30.379749],[-97.603451,30.379752],[-97.603644,30.379777],[-97.603663,30.379778],[-97.603681,30.379778],[-97.6037,30.379776],[-97.603718,30.379772],[-97.603735,30.379767],[-97.603927,30.379699],[-97.603945,30.379692],[-97.603963,30.379683],[-97.603979,30.379672],[-97.603994,30.379659],[-97.604009,30.379645],[-97.604021,30.37963],[-97.604116,30.379501],[-97.60412,30.379495],[-97.604203,30.379375],[-97.604205,30.379372],[-97.604374,30.379116],[-97.604378,30.37911],[-97.604867,30.378309],[-97.604876,30.378293],[-97.604883,30.378276],[-97.604889,30.378259],[-97.604975,30.377955],[-97.604979,30.377938],[-97.604982,30.377919],[-97.604991,30.377813],[-97.604992,30.377794],[-97.604991,30.377775],[-97.604988,30.377756],[-97.604984,30.377737],[-97.604977,30.377719],[-97.604969,30.377702],[-97.60496,30.377685],[-97.604948,30.37767],[-97.604936,30.377655],[-97.604922,30.377642],[-97.604906,30.377631],[-97.60489,30.37762],[-97.604873,30.377612],[-97.604323,30.37737],[-97.604302,30.377362],[-97.60428,30.377357],[-97.603646,30.377236],[-97.603643,30.377236],[-97.601787,30.376909],[-97.601769,30.376906],[-97.601751,30.376906],[-97.601589,30.376907],[-97.601577,30.376908],[-97.599891,30.377027],[-97.599871,30.37703],[-97.599852,30.377034],[-97.599833,30.37704],[-97.599815,30.377049],[-97.599797,30.377059],[-97.599781,30.37707],[-97.599766,30.377083],[-97.599435,30.377404],[-97.585611,30.378916],[-97.585591,30.378919],[-97.585572,30.378925],[-97.585553,30.378932],[-97.585535,30.37894],[-97.585518,30.378951],[-97.585502,30.378963],[-97.585488,30.378977],[-97.585475,30.378992],[-97.585463,30.379009],[-97.585453,30.379026],[-97.585445,30.379044],[-97.585439,30.379063],[-97.585435,30.379083],[-97.585433,30.379103],[-97.585433,30.379123],[-97.585434,30.379143],[-97.587696,30.395447],[-97.585649,30.397258],[-97.583525,30.396336],[-97.583507,30.39633],[-97.583488,30.396324],[-97.583468,30.396321],[-97.583449,30.39632],[-97.583429,30.396321],[-97.58341,30.396323],[-97.583391,30.396327],[-97.583373,30.396334],[-97.583355,30.396342],[-97.583338,30.396351],[-97.583322,30.396363],[-97.583307,30.396375],[-97.583294,30.396389],[-97.583282,30.396405],[-97.583271,30.396421],[-97.583262,30.396439],[-97.583255,30.396457],[-97.58325,30.396476],[-97.583247,30.396495],[-97.583245,30.396515],[-97.583182,30.398897],[-97.583182,30.398917],[-97.583184,30.398936],[-97.583189,30.398955],[-97.583195,30.398974],[-97.583203,30.398992],[-97.583212,30.399009],[-97.583223,30.399025],[-97.583236,30.39904],[-97.58325,30.399053],[-97.583265,30.399065],[-97.584493,30.399939],[-97.58451,30.39995],[-97.584528,30.39996],[-97.584547,30.399967],[-97.584567,30.399972],[-97.584587,30.399975],[-97.584607,30.399976],[-97.584628,30.399976],[-97.584648,30.399973],[-97.584668,30.399968],[-97.584687,30.399961],[-97.584705,30.399952],[-97.585805,30.399346],[-97.588122,30.398115],[-97.585722,30.401911],[-97.585565,30.40216],[-97.584883,30.403238],[-97.58458,30.403718],[-97.583847,30.404877],[-97.583577,30.405303],[-97.583415,30.40556],[-97.58312,30.406026],[-97.581878,30.401829],[-97.581337,30.399997],[-97.580261,30.397057],[-97.57909,30.393852]]]}},{"type":"Feature","properties":{"p":148},"geometry":{"type":"Polygon","coordinates":[[[-97.591874,30.395842],[-97.591887,30.395858],[-97.591898,30.395875],[-97.591907,30.395893],[-97.591914,30.395911],[-97.59192,30.395931],[-97.591923,30.395951],[-97.591925,30.395971],[-97.591924,30.395991],[-97.591922,30.396011],[-97.591917,30.39603],[-97.59191,30.396049],[-97.591902,30.396067],[-97.591892,30.396085],[-97.59188,30.396101],[-97.591867,30.396116],[-97.591852,30.396129],[-97.591836,30.396141],[-97.591819,30.396152],[-97.591567,30.396285],[-97.590094,30.39559],[-97.589805,30.395465],[-97.589646,30.395705],[-97.588122,30.398115],[-97.585805,30.399346],[-97.584705,30.399952],[-97.584687,30.399961],[-97.584668,30.399968],[-97.584648,30.399973],[-97.584628,30.399976],[-97.584607,30.399976],[-97.584587,30.399975],[-97.584567,30.399972],[-97.584547,30.399967],[-97.584528,30.39996],[-97.58451,30.39995],[-97.584493,30.399939],[-97.583265,30.399065],[-97.58325,30.399053],[-97.583236,30.39904],[-97.583223,30.399025],[-97.583212,30.399009],[-97.583203,30.398992],[-97.583195,30.398974],[-97.583189,30.398955],[-97.583184,30.398936],[-97.583182,30.398917],[-97.583182,30.398897],[-97.583245,30.396515],[-97.583247,30.396495],[-97.58325,30.396476],[-97.583255,30.396457],[-97.583262,30.396439],[-97.583271,30.396421],[-97.583282,30.396405],[-97.583294,30.396389],[-97.583307,30.396375],[-97.583322,30.396363],[-97.583338,30.396351],[-97.583355,30.396342],[-97.583373,30.396334],[-97.583391,30.396327],[-97.58341,30.396323],[-97.583429,30.396321],[-97.583449,30.39632],[-97.583468,30.396321],[-97.583488,30.396324],[-97.583507,30.39633],[-97.583525,30.396336],[-97.585649,30.397258],[-97.587696,30.395447],[-97.585434,30.379143],[-97.585433,30.379123],[-97.585433,30.379103],[-97.585435,30.379083],[-97.585439,30.379063],[-97.585445,30.379044],[-97.585453,30.379026],[-97.585463,30.379009],[-97.585475,30.378992],[-97.585488,30.378977],[-97.585502,30.378963],[-97.585518,30.378951],[-97.585535,30.37894],[-97.585553,30.378932],[-97.585572,30.378925],[-97.585591,30.378919],[-97.585611,30.378916],[-97.599435,30.377404],[-97.599766,30.377083],[-97.599781,30.37707],[-97.599797,30.377059],[-97.599815,30.377049],[-97.599833,30.37704],[-97.599852,30.377034],[-97.599871,30.37703],[-97.599891,30.377027],[-97.601577,30.376908],[-97.601589,30.376907],[-97.601751,30.376906],[-97.601769,30.376906],[-97.601787,30.376909],[-97.603643,30.377236],[-97.603646,30.377236],[-97.60428,30.377357],[-97.604302,30.377362],[-97.604323,30.37737],[-97.604873,30.377612],[-97.60489,30.37762],[-97.604906,30.377631],[-97.604922,30.377642],[-97.604936,30.377655],[-97.604948,30.37767],[-97.60496,30.377685],[-97.604969,30.377702],[-97.604977,30.377719],[-97.604984,30.377737],[-97.604988,30.377756],[-97.604991,30.377775],[-97.604992,30.377794],[-97.604991,30.377813],[-97.604982,30.377919],[-97.604979,30.377938],[-97.604975,30.377955],[-97.604889,30.378259],[-97.604883,30.378276],[-97.604876,30.378293],[-97.604867,30.378309],[-97.604378,30.37911],[-97.604374,30.379116],[-97.604205,30.379372],[-97.604203,30.379375],[-97.60412,30.379495],[-97.604116,30.379501],[-97.604021,30.37963],[-97.604009,30.379645],[-97.603994,30.379659],[-97.603979,30.379672],[-97.603963,30.379683],[-97.603945,30.379692],[-97.603927,30.379699],[-97.603735,30.379767],[-97.603718,30.379772],[-97.6037,30.379776],[-97.603681,30.379778],[-97.603663,30.379778],[-97.603644,30.379777],[-97.603451,30.379752],[-97.603433,30.379749],[-97.603415,30.379744],[-97.603117,30.379648],[-97.603104,30.379643],[-97.602955,30.379583],[-97.602087,30.379256],[-97.602071,30.379249],[-97.60112,30.378794],[-97.601119,30.378794],[-97.600889,30.378683],[-97.600335,30.378418],[-97.600114,30.378314],[-97.600114,30.378314],[-97.599612,30.378078],[-97.590978,30.394829],[-97.591874,30.395842]]]}},{"type":"Feature","properties":{"p":251},"geometry":{"type":"Polygon","coordinates":[[[-97.668467,30.40545],[-97.66604,30.405247],[-97.665777,30.405243],[-97.664064,30.405166],[-97.664027,30.405162],[-97.663858,30.405141],[-97.663241,30.404966],[-97.663105,30.404928],[-97.66267,30.404763],[-97.661347,30.404126],[-97.658414,30.402714],[-97.657521,30.402258],[-97.657337,30.402159],[-97.657044,30.401958],[-97.65669,30.401736],[-97.656425,30.401525],[-97.656,30.401089],[-97.655593,30.400619],[-97.655366,30.400281],[-97.655067,30.399624],[-97.655013,30.399508],[-97.654862,30.399541],[-97.654782,30.399558],[-97.652624,30.400029],[-97.652447,30.399439],[-97.652163,30.39852],[-97.652136,30.398453],[-97.652025,30.398253],[-97.651904,30.398097],[-97.651739,30.39792],[-97.651622,30.397821],[-97.651481,30.39773],[-97.651103,30.397533],[-97.650022,30.396979],[-97.649155,30.396559],[-97.648327,30.396171],[-97.64749,30.395763],[-97.646824,30.395435],[-97.646565,30.395336],[-97.646386,30.395291],[-97.64621,30.395268],[-97.645657,30.395248],[-97.645507,30.395229],[-97.645351,30.395198],[-97.645237,30.395157],[-97.644831,30.394962],[-97.644392,30.394747],[-97.644486,30.394635],[-97.645771,30.392494],[-97.646564,30.391176],[-97.647109,30.390002],[-97.647405,30.389293],[-97.647753,30.388637],[-97.64856,30.387172],[-97.648687,30.386914],[-97.650916,30.388205],[-97.651072,30.388013],[-97.651306,30.387828],[-97.651644,30.387678],[-97.651989,30.38757],[-97.652278,30.387504],[-97.65334,30.388004],[-97.654403,30.388503],[-97.654793,30.388687],[-97.655556,30.38911],[-97.656335,30.389492],[-97.657098,30.389866],[-97.657781,30.390202],[-97.658414,30.390513],[-97.659046,30.390825],[-97.660271,30.391412],[-97.662103,30.392891],[-97.662614,30.3933],[-97.663499,30.394008],[-97.664158,30.394535],[-97.664903,30.395047],[-97.66514,30.39521],[-97.665369,30.395322],[-97.666469,30.395861],[-97.66755,30.39639],[-97.668245,30.396734],[-97.668831,30.397595],[-97.668855,30.399062],[-97.669017,30.39918],[-97.669297,30.399173],[-97.670872,30.399245],[-97.672896,30.399356],[-97.673016,30.399271],[-97.673111,30.399277],[-97.673236,30.399285],[-97.673391,30.399287],[-97.673465,30.399289],[-97.673587,30.399294],[-97.673731,30.399298],[-97.673875,30.399302],[-97.673924,30.399303],[-97.67403,30.399575],[-97.674063,30.399658],[-97.674184,30.399888],[-97.674294,30.400097],[-97.674649,30.400809],[-97.674935,30.40159],[-97.675094,30.402097],[-97.675135,30.402266],[-97.675267,30.403019],[-97.675282,30.403102],[-97.675355,30.403541],[-97.675404,30.404441],[-97.675395,30.404773],[-97.675348,30.406497],[-97.67528,30.407448],[-97.675277,30.407497],[-97.675235,30.40803],[-97.674716,30.407991],[-97.674512,30.407958],[-97.674468,30.407951],[-97.673951,30.407863],[-97.673811,30.407798],[-97.673212,30.407523],[-97.672756,30.407326],[-97.672299,30.407102],[-97.671675,30.406845],[-97.670663,30.406356],[-97.6702,30.406117],[-97.670029,30.406029],[-97.669529,30.405794],[-97.669049,30.405627],[-97.668809,30.405554],[-97.668467,30.40545]]]}},{"type":"Feature","properties":{"p":252},"geometry":{"type":"Polygon","coordinates":[[[-97.633142,30.396554],[-97.633009,30.396539],[-97.632886,30.396562],[-97.632723,30.396647],[-97.632592,30.396508],[-97.632549,30.396462],[-97.632356,30.396258],[-97.632029,30.395998],[-97.631666,30.395775],[-97.630991,30.395449],[-97.629922,30.394952],[-97.629195,30.394574],[-97.628839,30.394336],[-97.628528,30.394039],[-97.628224,30.393617],[-97.628053,30.393238],[-97.627979,30.392875],[-97.627905,30.3926],[-97.627793,30.392341],[-97.62766,30.39214],[-97.627482,30.39194],[-97.627348,30.391803],[-97.627081,30.391593],[-97.626781,30.3914],[-97.626573,30.3913],[-97.625258,30.390663],[-97.625089,30.390573],[-97.624378,30.390233],[-97.622968,30.389561],[-97.622932,30.389544],[-97.622014,30.389105],[-97.621991,30.389094],[-97.620312,30.388294],[-97.6188,30.38757],[-97.618513,30.387435],[-97.617924,30.387157],[-97.616364,30.386423],[-97.61616,30.386327],[-97.615546,30.386038],[-97.61512,30.385817],[-97.613613,30.385035],[-97.609473,30.382997],[-97.607053,30.381823],[-97.607084,30.381766],[-97.607569,30.381037],[-97.607768,30.380724],[-97.607983,30.380387],[-97.608521,30.379545],[-97.609139,30.378587],[-97.609178,30.378526],[-97.609268,30.378379],[-97.610923,30.375804],[-97.613558,30.377022],[-97.614418,30.375698],[-97.61436,30.375561],[-97.6143,30.375416],[-97.614156,30.374719],[-97.614183,30.374678],[-97.61419,30.374668],[-97.614431,30.374304],[-97.614448,30.374285],[-97.615201,30.374626],[-97.616003,30.375],[-97.61683,30.375386],[-97.617779,30.375832],[-97.618272,30.375194],[-97.621178,30.371435],[-97.621653,30.37082],[-97.621809,30.370615],[-97.625013,30.372302],[-97.625184,30.372375],[-97.625467,30.372529],[-97.62683,30.373246],[-97.628656,30.374206],[-97.628681,30.374219],[-97.629562,30.374686],[-97.631643,30.375791],[-97.631802,30.375894],[-97.632005,30.37598],[-97.634186,30.377135],[-97.637711,30.379003],[-97.638265,30.379287],[-97.638517,30.379453],[-97.638773,30.379631],[-97.638903,30.37973],[-97.639599,30.380289],[-97.64138,30.381729],[-97.641463,30.381796],[-97.642693,30.382784],[-97.644125,30.383934],[-97.644896,30.384517],[-97.644975,30.384597],[-97.645365,30.384914],[-97.645548,30.385045],[-97.645857,30.385279],[-97.646353,30.385644],[-97.646793,30.385926],[-97.647286,30.386173],[-97.648135,30.386644],[-97.648224,30.386706],[-97.648526,30.38685],[-97.648687,30.386914],[-97.64856,30.387172],[-97.647753,30.388637],[-97.647405,30.389293],[-97.647109,30.390002],[-97.646564,30.391176],[-97.645771,30.392494],[-97.644486,30.394635],[-97.644392,30.394747],[-97.644302,30.394885],[-97.644287,30.394908],[-97.643174,30.396599],[-97.640888,30.400072],[-97.640805,30.400185],[-97.640734,30.400306],[-97.640343,30.400911],[-97.638722,30.403424],[-97.638591,30.403611],[-97.638565,30.403649],[-97.638504,30.403749],[-97.638317,30.403661],[-97.638105,30.403571],[-97.637005,30.403021],[-97.63657,30.402822],[-97.636268,30.402675],[-97.636252,30.402666],[-97.636221,30.40265],[-97.63549,30.402303],[-97.635295,30.40219],[-97.63506,30.402031],[-97.635483,30.401364],[-97.635912,30.400695],[-97.637093,30.398856],[-97.637165,30.398709],[-97.637169,30.398572],[-97.637082,30.39841],[-97.636571,30.398157],[-97.636317,30.398064],[-97.635761,30.397786],[-97.635644,30.397726],[-97.635468,30.397637],[-97.635205,30.397478],[-97.634893,30.39727],[-97.634555,30.397025],[-97.634374,30.396903],[-97.634244,30.396855],[-97.634064,30.396826],[-97.633825,30.396814],[-97.633702,30.396781],[-97.633602,30.396747],[-97.633383,30.396632],[-97.633142,30.396554]]]}},{"type":"Feature","properties":{"p":253},"geometry":{"type":"Polygon","coordinates":[[[-97.607422,30.433513],[-97.605641,30.432657],[-97.605147,30.432422],[-97.604394,30.432056],[-97.603966,30.431832],[-97.603921,30.431812],[-97.603763,30.431733],[-97.60323,30.431487],[-97.600919,30.430295],[-97.600275,30.429999],[-97.599814,30.429702],[-97.599704,30.429632],[-97.597219,30.427884],[-97.595565,30.426765],[-97.594132,30.426196],[-97.593917,30.426112],[-97.593867,30.426093],[-97.593841,30.426083],[-97.593342,30.425888],[-97.593093,30.425791],[-97.593006,30.425757],[-97.592234,30.425456],[-97.591852,30.425307],[-97.591722,30.425245],[-97.591145,30.424969],[-97.591091,30.424943],[-97.590771,30.424795],[-97.590577,30.424698],[-97.589827,30.424361],[-97.589335,30.42414],[-97.588942,30.423977],[-97.588309,30.423683],[-97.587572,30.423349],[-97.586924,30.423097],[-97.586483,30.422888],[-97.586166,30.422741],[-97.585843,30.422608],[-97.585324,30.42235],[-97.581732,30.420648],[-97.579179,30.419439],[-97.576436,30.418142],[-97.576153,30.417997],[-97.5761,30.417965],[-97.576051,30.417928],[-97.576007,30.417887],[-97.575968,30.417841],[-97.575937,30.417792],[-97.575911,30.41774],[-97.575893,30.417686],[-97.575882,30.417631],[-97.575879,30.417575],[-97.575882,30.417522],[-97.575891,30.41747],[-97.575906,30.417419],[-97.575927,30.41737],[-97.576036,30.417157],[-97.576087,30.417072],[-97.576139,30.417006],[-97.576328,30.416768],[-97.580766,30.40975],[-97.581701,30.40827],[-97.582422,30.407129],[-97.582776,30.406569],[-97.582914,30.406351],[-97.58312,30.406026],[-97.583415,30.40556],[-97.583577,30.405303],[-97.583847,30.404877],[-97.58458,30.403718],[-97.584883,30.403238],[-97.585565,30.40216],[-97.585722,30.401911],[-97.589646,30.395705],[-97.589805,30.395465],[-97.590094,30.39559],[-97.59202,30.396499],[-97.592275,30.396609],[-97.592488,30.39665],[-97.592643,30.396673],[-97.592809,30.396682],[-97.592995,30.396681],[-97.593137,30.396661],[-97.593313,30.396621],[-97.593501,30.396573],[-97.593761,30.396471],[-97.594075,30.396231],[-97.594294,30.395991],[-97.59465,30.395454],[-97.595868,30.393596],[-97.59994,30.38714],[-97.601171,30.384928],[-97.601361,30.384569],[-97.601594,30.384193],[-97.601763,30.383957],[-97.601953,30.38375],[-97.602109,30.383614],[-97.60243,30.383341],[-97.602631,30.383201],[-97.602858,30.383071],[-97.603092,30.382959],[-97.60367,30.382704],[-97.604024,30.382528],[-97.604389,30.382375],[-97.604768,30.38221],[-97.605084,30.38207],[-97.605397,30.381902],[-97.605636,30.381739],[-97.605952,30.381494],[-97.606147,30.381326],[-97.606329,30.381445],[-97.606765,30.381673],[-97.607053,30.381823],[-97.609473,30.382997],[-97.613613,30.385035],[-97.61512,30.385817],[-97.615546,30.386038],[-97.61616,30.386327],[-97.616364,30.386423],[-97.617924,30.387157],[-97.618513,30.387435],[-97.6188,30.38757],[-97.620312,30.388294],[-97.621991,30.389094],[-97.622014,30.389105],[-97.622932,30.389544],[-97.622968,30.389561],[-97.624378,30.390233],[-97.625089,30.390573],[-97.625258,30.390663],[-97.626573,30.3913],[-97.626781,30.3914],[-97.627081,30.391593],[-97.627348,30.391803],[-97.627482,30.39194],[-97.62766,30.39214],[-97.627793,30.392341],[-97.627905,30.3926],[-97.627979,30.392875],[-97.628053,30.393238],[-97.628224,30.393617],[-97.628528,30.394039],[-97.628839,30.394336],[-97.629195,30.394574],[-97.629922,30.394952],[-97.630991,30.395449],[-97.631666,30.395775],[-97.632029,30.395998],[-97.632356,30.396258],[-97.632549,30.396462],[-97.632592,30.396508],[-97.632723,30.396647],[-97.632886,30.396562],[-97.633009,30.396539],[-97.633142,30.396554],[-97.633383,30.396632],[-97.633602,30.396747],[-97.633702,30.396781],[-97.633825,30.396814],[-97.634064,30.396826],[-97.634244,30.396855],[-97.634374,30.396903],[-97.634555,30.397025],[-97.634893,30.39727],[-97.635205,30.397478],[-97.635468,30.397637],[-97.635644,30.397726],[-97.635761,30.397786],[-97.636317,30.398064],[-97.636571,30.398157],[-97.637082,30.39841],[-97.637169,30.398572],[-97.637165,30.398709],[-97.637093,30.398856],[-97.635912,30.400695],[-97.635483,30.401364],[-97.63506,30.402031],[-97.634382,30.403121],[-97.634304,30.403246],[-97.633571,30.404429],[-97.633299,30.404804],[-97.633119,30.405056],[-97.632575,30.405916],[-97.632325,30.406291],[-97.63222,30.406437],[-97.632123,30.406562],[-97.632043,30.406645],[-97.631932,30.406725],[-97.631814,30.406805],[-97.631692,30.406843],[-97.631595,30.406871],[-97.631484,30.406885],[-97.631341,30.406889],[-97.63123,30.406882],[-97.631116,30.406864],[-97.630963,30.406826],[-97.630731,30.406765],[-97.629776,30.406295],[-97.628831,30.405844],[-97.628437,30.405656],[-97.628397,30.405634],[-97.628085,30.406063],[-97.627716,30.40663],[-97.627085,30.407632],[-97.62574,30.409709],[-97.62526,30.410461],[-97.62497,30.410906],[-97.624776,30.411211],[-97.624679,30.411381],[-97.624608,30.411517],[-97.624562,30.411675],[-97.624534,30.411817],[-97.624507,30.412093],[-97.624488,30.412561],[-97.62447,30.412768],[-97.624442,30.412929],[-97.624401,30.413067],[-97.624323,30.413251],[-97.624194,30.413485],[-97.623955,30.413855],[-97.623315,30.414923],[-97.622958,30.415472],[-97.621068,30.418379],[-97.620531,30.419254],[-97.620389,30.419515],[-97.620202,30.419812],[-97.619956,30.420201],[-97.619305,30.421295],[-97.619215,30.421447],[-97.618265,30.422883],[-97.616823,30.42517],[-97.616585,30.425546],[-97.616365,30.425896],[-97.616251,30.426063],[-97.616191,30.426154],[-97.613375,30.425053],[-97.612149,30.424098],[-97.61214,30.424091],[-97.611377,30.423727],[-97.611293,30.423711],[-97.611222,30.423655],[-97.610762,30.423435],[-97.609498,30.423119],[-97.609409,30.423251],[-97.609353,30.423354],[-97.608986,30.423919],[-97.608693,30.424385],[-97.608397,30.424848],[-97.608374,30.424883],[-97.608794,30.425135],[-97.608611,30.425321],[-97.608238,30.425929],[-97.607381,30.427239],[-97.606836,30.428128],[-97.607985,30.428614],[-97.608269,30.428715],[-97.607924,30.429312],[-97.607895,30.429857],[-97.607835,30.430045],[-97.607733,30.43028],[-97.607533,30.43056],[-97.607458,30.430796],[-97.607409,30.431091],[-97.607416,30.431328],[-97.607492,30.431531],[-97.607596,30.431735],[-97.607828,30.43208],[-97.607628,30.432187],[-97.607504,30.432245],[-97.607446,30.432266],[-97.606637,30.432299],[-97.60675,30.432421],[-97.606861,30.432509],[-97.607136,30.432744],[-97.607198,30.432786],[-97.607337,30.43285],[-97.607604,30.432989],[-97.607656,30.433012],[-97.607697,30.433021],[-97.60777,30.433018],[-97.60792,30.433025],[-97.608058,30.433025],[-97.608221,30.433038],[-97.608385,30.433033],[-97.608789,30.4331],[-97.608922,30.43313],[-97.609003,30.433157],[-97.609087,30.433198],[-97.60922,30.433282],[-97.609309,30.433346],[-97.609486,30.433497],[-97.609609,30.433582],[-97.609749,30.433657],[-97.610007,30.433808],[-97.610197,30.433931],[-97.610371,30.434076],[-97.610569,30.4342],[-97.610698,30.4343],[-97.610762,30.434342],[-97.610801,30.434362],[-97.610846,30.434385],[-97.610504,30.434952],[-97.609207,30.434356],[-97.609048,30.434281],[-97.608684,30.434099],[-97.608339,30.433936],[-97.60786,30.433715],[-97.607422,30.433513]]]}},{"type":"Feature","properties":{"p":404},"geometry":{"type":"Polygon","coordinates":[[[-97.69349,30.2688],[-97.694363,30.267432],[-97.696086,30.268036],[-97.696272,30.268101],[-97.696706,30.269557],[-97.696606,30.269791],[-97.696165,30.270827],[-97.695264,30.272745],[-97.694776,30.273821],[-97.693135,30.273714],[-97.692564,30.273677],[-97.691852,30.273641],[-97.69163,30.27363],[-97.691235,30.273607],[-97.690424,30.273561],[-97.690671,30.273156],[-97.691399,30.272027],[-97.691622,30.271748],[-97.691647,30.271703],[-97.691843,30.271357],[-97.692255,30.270703],[-97.692895,30.269693],[-97.69349,30.2688]]]}}]}